Manufacturers,Makes,Carlines,year_make_model,vehicle_type,pcUSCA_content,pcOth1_content,pcOth2_content,assembly1,assembly2,engine1,engine2,transmission1,transmission2,,,,,
"Aston Martin Lagonda, Ltd.",Aston Martin,DB11 AMR,2022_astonmartin_db11,PC,3%,66% UK,22% G,UK,,G,,G,,,,,,
"Aston Martin Lagonda, Ltd.",Aston Martin,DBS,2022_astonmartin_dbs,PC,3%,66% UK,22% G,UK,,G,,G,,,,,,
"Aston Martin Lagonda, Ltd.",Aston Martin,DB11 V8,2022_astonmartin_db11,PC,3%,66% UK,22% G,UK,,G,,G,,,,,,
"Aston Martin Lagonda, Ltd.",Aston Martin,Vantage,2022_astonmartin_vantage,PC,3%,66% UK,22% G,UK,,G,,G,,,,,,
Audi,Audi,e-tron,2022_audi_etron,MPV,1%,33% PL,23% G,BE,,PL,,H,,,,,,
Audi,Audi,e-tron S ,2022_audi_etrons,MPV,1%,46% H,22% G,BE,,H,,H,,,,,,
Audi,Audi,e-tron Sportback,2022_audi_etron,MPV,1%,32% PL,23% G,BE,,PL,,H,,,,,,
Audi,Audi,e-tron S Sportback,2022_audi_etron,MPV,1%,46% H,21% G,BE,,H,,H,,,,,,
Audi,Audi,e-tron GT,2022_audi_etrongt,PC,1%,56% G,19% PL,G,,G,,G,Battery: PL,,,,,
Audi,Audi,RS e-tron GT,2022_audi_rsetrongt,PC,1%,55% G,20% PL,G,,G,,G,Battery: PL,,,,,
Audi,Audi,A3 40 FWD,2022_audi_a3,PC,1%,54% G,17% H,G,,H,,G,,,,,,
Audi,Audi,A3 40 quattro,2022_audi_a3,PC,1%,57% G, ,G,,H,,G,,,,,,
Audi,Audi,S3,2022_audi_s3,PC,1%,60% G,,G,,H,,G,,,,,,
Audi,Audi,RS 3,2022_audi_rs3,PC,0%,45%G,37%H,G,,H,,G,,,,,,
Audi,Audi,A4 40,2022_audi_a4,PC,2%,49% G,17% H,G,,H,,G,,,,,,
Audi,Audi,A4 45,2022_audi_a4,PC,2%,49% G,15% H,G,,H,,G,,,,,,
Audi,Audi,S4,2022_audi_s4,PC,1%,44% G,31% H,G ,,H,,H,,,,,,
Audi,Audi,A4 allroad 45,2022_audi_a4allroad,MPV,2%,48% G,,G,,H,,G,,,,,,
Audi,Audi,A5 Cabriolet 45,2022_audi_a5,PC,2%,54% G,,G,,H,,G,,,,,,
Audi,Audi,S5 Cabriolet,2022_audi_s5,PC,1%,46% G,25% H,G,,H,,H,,,,,,
Audi,Audi,A5 Coupe S line 45,2022_audi_a5,PC,2%,50% G,15% H,G,,H,,G,,,,,,
Audi,Audi,S5 Coupe ,2022_audi_s5,PC,1%,42% G,30% H,G,,H,,H,,,,,,
Audi,Audi,RS5 Coupe,2022_audi_rs5,PC,1%,46% G,30% H,G,,H,,H,,,,,,
Audi,Audi,A5 Sportback 40,2022_audi_a5,PC,2%,48% G,15% H,G,,H,,G,,,,,,
Audi,Audi,A5 Sportback 45,2022_audi_a5,PC,2%,51% G,15% H,G,,H,,G,,,,,,
Audi,Audi,S5 Sportback,2022_audi_s5,PC,1%,42% G,30% H,G,,H,,H,,,,,,
Audi,Audi,RS5 Sportback,2022_audi_rs5,PC,1%,46% G,30% H,G,,H,,H,,,,,,
Audi,Audi,A6 45,2022_audi_a6,PC,2%,51% G, ,G,,H,,G,,,,,,
Audi,Audi,A6 Sport 45,2022_audi_a6,PC,2%,48% G, ,G,,H,,G,,,,,,
Audi,Audi,A6 55,2022_audi_a6,PC,2%,49% G,19% H,G,,H,,G,,,,,,
Audi,Audi,S6,2022_audi_s6,PC,1%,41% G,27% H,G,,H,,H,,,,,,
Audi,Audi,RS6 Avant,2022_audi_rs6,PC,1%,63% G, ,G,,G,,G,,,,,,
Audi,Audi,A6 allroad 55,2022_audi_a6allroad,PC,2%,47%G,18% H,G,,H,,G,,,,,,
Audi,Audi,A7 55,2022_audi_a7,PC,2%,46% G,20% H,G,,H,,G,,,,,,
Audi,Audi,A7 55 PHEV,2022_audi_a7hybrid,PC,1%,42% G,26% H,G,,H,,G,,,,,,
Audi,Audi,S7,2022_audi_s7,PC,1%,41% G,27% H,G,,H,,H,,,,,,
Audi,Audi,RS7,2022_audi_rs7,PC,1%,61% G, ,G,,G,,G,,,,,,
Audi,Audi,A8L 55,2022_audi_a8,PC,1%,42% G,21% H,G,,H,,H,,,,,,
Audi,Audi,A8L 60,2022_audi_a8,PC,1%,66% G, ,G,,G,,H,,,,,,
Audi,Audi,A8L PHEV,2022_audi_a8hybrid,PC,1%,48%G,17% H,G,,H,,G,,,,,,
Audi,Audi,S8L,2022_audi_s8,PC,1%,64% G,,G,,G,,G,,,,,,
Audi,Audi,Q3 40,2022_audi_q3,MPV,1%,30% H,24% G,H,,H,,JP,,,,,,
Audi,Audi,Q3 45,2022_audi_q3,MPV,1%,30% H,24% G,H,,H,,JP,,,,,,
Audi,Audi,Q4 40 e-tron,2022_audi_q4etron,MPV,0%,82% G, ,G,,G,,G,,,,,,
Audi,Audi,Q4 50 e-tron,2022_audi_q4etron,MPV,0%,81% G, ,G,,G,,G,,,,,,
Audi,Audi,Q4 Sportback 50 e-tron,2022_audi_q4etron,MPV,0%,81% G, ,G,,G,,G,,,,,,
Audi,Audi,Q5 40,2022_audi_q5,MPV,3%,63% M,20% G,M,,H,,G,,,,,,
Audi,Audi,Q5 45,2022_audi_q5,MPV,3%,78% M,,M,,M,,G,,,,,,
Audi,Audi,Q5 55 PHEV,2022_audi_q5hybrid,MPV,2%,46% M,21% G,M,,G,,G,,,,,,
Audi,Audi,SQ5,2022_audi_sq5,MPV,2%,63% M,21% H,M,,H,,G,,,,,,
Audi,Audi,Q5 Sportback,2022_audi_q5,MPV,3%,76% M,16% G,M,,M,,G,,,,,,
Audi,Audi,SQ5 Sportback,2022_audi_sq5,MPV,2%,62% M,21% H,M,,H,,H,,,,,,
Audi,Audi,Q7 45,2022_audi_q7,MPV,1%,32% SL,19% G,SL,,H,,H,,,,,,
Audi,Audi,Q7 55,2022_audi_q7,MPV,1%,29% SL,22% G,SL,,H,,H,,,,,,
Audi,Audi,SQ7,2022_audi_sq7,MPV,1%,53% G,26% SL,SL,,G,,G,,,,,,
Audi,Audi,Q8,2022_audi_q8,MPV,1%,26% SL,25% G,SL,,H,,H,,,,,,
Audi,Audi,SQ8,2022_audi_sq8,MPV,1%,55% G,23% SL,SL,,G,,G,,,,,,
Audi,Audi,RS Q8,2022_audi_rsq8,MPV,1%,50% G,22% SL,SL,,G,,G,,,,,,
Audi,Audi,R8 Coupe RWD,2022_audi_r8,PC,1%,56% G,24% H,G,,H,,G,,,,,,
Audi,Audi,R8 Coupe,2022_audi_r8,PC,1%,56% G,21% H,G,,H,,G,,,,,,
Audi,Audi,R8 Spyder RWD,2022_audi_r8,PC,1%,49% G,21% H,G,,H,,G,,,,,,
Audi,Audi,R8 Spyder,2022_audi_r8,PC,1%,52% G ,18% H,G,,H,,G,,,,,,
Audi,Audi,TT Coupe,2022_audi_tt,PC,1%,53% H,26% G,H,,H,,G,,,,,,
Audi,Audi,TTS Coupe,2022_audi_tts,PC,1%,53% H,27% G,H,,H,,G,,,,,,
Audi,Audi,TT RS Coupe,2022_audi_ttrs,PC,1%,61% H,24% G,H,,H,,G,,,,,,
Audi,Audi,TT Roadster,2022_audi_tt,PC,1%,52% H,25% G,H,,H,,G,,,,,,
Bentley,Bentley,Bentayga V8,2022_bentley_bentayga,MPV,0%,65% G,,UK,,G,,G,,,,,,
Bentley,Bentley,Bentayga Speed,2022_bentley_bentayga,MPV,0%,65% G,,UK,,G,,G,,,,,,
Bentley,Bentley,Bentayga Hybrid,2022_bentley_bentaygahybrid,MPV,0%,48% G,,UK,,G,,G,,,,,,
Bentley,Bentley,Flying Spur,2022_bentley_flyingspur,PC,0%,67% G,15% UK,UK,,G,,G,,,,,,
Bentley,Bentley,Flying Spur V8,2022_bentley_flyingspur,PC,0%,69% G,15% UK,UK,,G,,G,,,,,,
Bentley,Bentley,Mulsanne,2022_bentley_mulsanne,PC,0%,41%UK,37%G,UK,,G,,G,,,,,,
Bentley,Bentley,Mulsanne Speed,2022_bentley_mulsanne,PC,0%,42% UK,35% G,UK,,G,,G,,,,,,
Bentley,Bentley,Continental GT V8,2022_bentley_continental,PC,0%,72% G, ,UK,,G,,G,,,,,,
Bentley,Bentley,Continental GT Convertible V8,2022_bentley_continental,PC,0%,71% G, ,UK,,G,,G,,,,,,
Bentley,Bentley,Continental GT W12,2022_bentley_continental,PC,0%,71% G, ,UK,,G,,G,,,,,,
Bentley,Bentley,Continental GT Convertible W12,2022_bentley_continental,PC,0%,70% G,,UK,,G,,G,,,,,,
BMW AG,BMW,2 Series Coupe/Convertible,2022_bmw_2series,PC,9%,39% G,17% M ,M,,G (2.3),A (2.4),G,,,,,,
BMW AG,BMW,2 Series Gran Coupe,2022_bmw_2series,PC,5%,36% G,,G,,G,,J,,,,,,
BMW AG,BMW,330e Sedan,2022_bmw_3seriese,PC,5%,55% G,,G,,G,,G,,,,,,
BMW AG,BMW,330e Sedan,2022_bmw_3seriese,PC,10%,35% G,25% MX,M,,G,,G,,,,,,
BMW AG,BMW,3 Series Sedan,2022_bmw_3series,PC,0%,56% G,,G, ,G,,G,,,,,,
BMW AG,BMW,3 Series Sedan,2022_bmw_3series,PC,10%,40% G,18% M,M,,G (3.3),A (3.4),G,,,,,,
BMW AG,BMW,4 Series Coupe/Convertible,2022_bmw_4series,PC,0%,46% G,,G,,G,,G,,,,,,
BMW AG,BMW,4 Series  Gran Coupe,2022_bmw_4series,PC,0%,48% G,,G,,G,,G,,,,,,
BMW AG,BMW,5 Series Sedan,2022_bmw_5series,PC,1%,37% G,17% OT,A, ,A,,G,,,,,,
BMW AG,BMW,5 Series Sedan,2022_bmw_5series,PC,0%,54% G,,G, ,G,,G,,,,,,
BMW AG,BMW,7 Series Sedan,2022_bmw_7series,PC,1%,56% G,,G,,G,,G,,,,,,
BMW AG,BMW,8 Series Coupe/Convertible,2022_bmw_8series,PC,1%,58% G,,G,,G,,G,,,,,,
BMW AG,BMW,8 Series Gran Coupe,2022_bmw_8series,PC,1%,62% G,,G,,G,,G,,,,,,
BMW AG,BMW,X1,2022_bmw_x1,MPV,0%,51% G,,G, ,G,,J,,,,,,
BMW AG,BMW,X2,2022_bmw_x2,MPV,0%,39% G,,G,,G,,J,,,,,,
BMW AG,BMW,X3,2022_bmw_x3,MPV,14%,30% G,23% AF,AF,,A, ,G,,,,,,
BMW AG,BMW,X3,2022_bmw_x3,MPV,35%,16% G,16% M,US,,A (4.0),"UK (3.0), G (M)",G,,,,,,
BMW AG,BMW,X3 30e,2022_bmw_x3hybrid,MPV,35%,16% G,15% M,US,,UK,,G,,,,,,
BMW AG,BMW,X3M,2022_bmw_x3,MPV,30%,24% G,17% MX,US,,G,,G,,,,,,
BMW AG,BMW,X4M,2022_bmw_x4,MPV,31%,25% G,19% MX,US,,G,,G,,,,,,
BMW AG,BMW,X4,2022_bmw_x4,MPV,35%,16% G,15% M,US,,A (4.0),"UK (3.0), G (M)",G,,,,,,
BMW AG,BMW,X5,2022_bmw_x5,MPV,38%,16% M ,12% G,US,,"G (5.0, M)","A (4.0, 4.5e)",G,,,,,,
BMW AG,BMW,X5 xDrive45e,2022_bmw_x5hybrid,MPV,36%,33% G,22% MX,US,,G, ,G,,,,,,
BMW AG,BMW,X6,2022_bmw_x6,MPV,39%,16% G ,15% M,US,,"G (5.0, M)",A (4.0),G,,,,,,
BMW AG,BMW,X7,2022_bmw_x7,MPV,36%,17% M,15% G,US,,G (5.0),A (4.0),G,,,,,,
BMW AG,BMW,Z4,2022_bmw_z4,PC,0%,29% G,22% A,A,,A,,G,,,,,,
BMW AG,BMW,i3,2022_bmw_i3,PC,5%,35% G,20% CH,G,,G,,G,,,,,,
BMW AG,BMW,i4,2022_bmw_i4,PC,0%,48% G, ,G,,G,,G,,,,,,
BMW AG,BMW,iX,2022_bmw_ix,MPV,1%,31% CH,30% G,G,,G,,G,,,,,,
BMW AG,BMW,Cooper Hard Top 2 Door,2022_mini_cooper,PC,0%,32% G,19% UK,UK,,G,,G, ,,,,,
BMW AG,BMW,Cooper Hard Top 4 Door,2022_mini_cooper,PC,0%,32% G,19% UK,UK,,G,,G,,,,,,
BMW AG,BMW,Cooper Convertible,2022_mini_cooper,PC,0%,27% G,17% PL,N,,A,,G,J (JCW Auto),,,,,
BMW AG,BMW,Cooper Clubman,2022_mini_cooper,PC,0%,32% G,19% UK,UK,,G,,G,"J (JCW Auto, AWD)",,,,,
BMW AG,BMW,Cooper Countryman,2022_mini_cooper,MPV,6%,30% G,12% J,N,,UK, ,J, ,,,,,
BMW AG,Toyota,Supra,2022_toyota_supra,PC,0%,27% G,25% A,A,,A,,G,,,,,,
Rolls-Royce Motor,Rolls-Royce,Phantom,2022_rollsroyce_phantom,PC,1%,62% G, ,UK,,G,,G,,,,,,
Rolls-Royce Motor,Rolls-Royce,Ghost,2022_rollsroyce_ghost,PC,1%,62% G, ,UK,,G,,G,,,,,,
Rolls-Royce Motor,Rolls-Royce,Wraith,2022_rollsroyce_wraith,PC,1%,62% G, ,UK,,G,,G,,,,,,
Rolls-Royce Motor,Rolls-Royce,Dawn,2022_rollsroyce_dawn,PC,1%,62% G, ,UK,,G,,G,,,,,,
Rolls-Royce Motor,Rolls-Royce,Cullinan,2022_rollsroyce_cullinan,MPV,1%,53% G, ,UK,,G,,G,,,,,,
Bugatti Automobiles S.A.S.,Bugatti,Chiron,2022_bugatti_chiron,PC,N/A,N/A,,F,,G,,UK,,,,,,
Bugatti Automobiles S.A.S.,Bugatti,Chiron Pur Sport,2022_bugatti_chiron,PC,N/A,N/A,,F,,G,,UK,,,,,,
Bugatti Automobiles S.A.S.,Bugatti,Chiron Super Sport,2022_bugatti_chiron,PC,N/A,N/A,,F,,G,,UK,,,,,,
FCA,Alfa Romeo,4C,2022_alfaromeo_4c,PC,0%,95% I,,Modena Italy,,I,,I,,,,,,
FCA,Alfa Romeo,Giulia,2022_alfaromeo_giulia,PC,0%,69% I,,Cassino Italy,,I,,G,,,,,,
FCA,Alfa Romeo,Stelvio,2022_alfaromeo_stelvio,MPV,0%,55% I,13% F,Cassino Italy,,I,,G,,,,,,
FCA,Chrysler,300,2022_chrysler_300,PC,68%,19% M,,Brampton ON Canada,US (3.6L),"M (3.6L, 5.7L)",,US,,,,,,
FCA,Chrysler,Pacifica,2022_chrysler_pacifica,MPV,69%,21% M,,Windsor ON Canada,,M  ,,US,,,,,,
FCA,Chrysler,Voyager,2022_chrysler_voyager,MPV,68%,23% M,,Windsor ON Canada,,M,,US,,,,,,
FCA,Dodge,Challenger,2022_dodge_challenger,PC,67%,21% M,,Brampton ON Canada,US (3.6L),"M (3.6L, 5.7L)",US,M (Manual)             G(8 SPD HP90),,,,,,
FCA,Dodge,Charger,2022_dodge_charger,PC,71%,18% M,,Brampton ON Canada,US (3.6L),"M (3.6L, 5.7L)",US,G(8 SPD HP90),,,,,,
FCA,Dodge,Durango,2022_dodge_durango,MPV,71%,19% M,,Detroit Ml USA,US (3.6L),"M (3.6L, 5.7L)",US,G (8 SPD 8HP70),,,,,,
FCA,Dodge,GrandCaravan,2022_dodge_grandcaravan,MPV,74%,14% M,,Windsor ON Canada,,US,,US,,,,,,
FCA,Dodge,Journey,2022_dodge_journey,MPV,25%,69% M,,Toluca Mexico,,US,,US,,,,,,
FCA,Fiat,500L,2022_fiat_500l,MPV,0%,21% Serbia,19% I,Kragujevac Serbia,,I,,J,,,,,,
FCA,Fiat,500X,2022_fiat_500x,MPV,0%,62% I,20% PL,Melfi Italy,,PL,,US,,,,,,
FCA,Jeep,Cherokee,2022_jeep_cherokee,MPV,72%,19% M,,Belvidere IL USA,I (2.0L),US,,US,,,,,,
FCA,Jeep,Compass,2022_jeep_compass,MPV,22%,68% M,,Toluca Mexico,,US,US (9SPD),J (Manual),,,,,,
FCA,Jeep,Gladiator,2022_jeep_gladiator,Truck,68%,21% M,,Toledo OH USA,I (3.0L Diesel),US or M (3.6L),G (8HP75)        US,J (Manual),,,,,,
FCA,Jeep,Grand Cherokee,2022_jeep_grandcherokee,MPV,73%,19% M,,Detroit Ml USA,,US or M (3.6L),US,G (8HP50),,,,,,
FCA,Jeep,Grand Cherokee L,2022_jeep_grandcherokee,MPV,66%,24% M,,Detroit Ml USA,M (5.7L),US or M (3.6L)    US or I (2.0L),US,G (8HP75 & 8HP75PH),,,,,,
FCA,Jeep,Grand Wagoneer,2022_jeep_grandwagoneer,MPV,60%,32% M,,Detroit Ml USA,,M, ,US,,,,,,
FCA,Jeep,Renegade,2022_jeep_renegade,MPV,14%,63% I,,Melfi Italy, ,PL (1.3L),,US,,,,,,
Fiat Chrysler,Jeep,Wrangler  ,2022_jeep_wrangler,MPV,60%,20% M,,Toledo OH USA,US or I (2.0L),M                        I (3.0 Diesel),G (8HP75 & 8HP75PH),US                             J (Manual),,,,,,
Fiat Chrysler,RAM,Ram 1500 Pickup,2022_ram_1500,Truck,63%,28% M,,Sterling Heights MI USA,US (3.6L),"M (5.7L, 6,2L)             I (3.0L Diesel)",US,G (8HP75 & 8HP75PH),,,,,,
Fiat Chrysler,RAM,Ram 1500 CLASSIC,2022_ram_1500classic,Truck,65%,25% M,,Warren MI USA ,US or M (3.6L),M (5.7L),US,G (8HP70),,,,,,
Fiat Chrysler,RAM,Ram 1500 CLASSIC,2022_ram_1500classic,Truck,G (8HP75 & 8HP75PH),40% M,,Saltillo Mexico (Reg. Cab),US or M (3.6L),M (5.7L),US,G (8HP70),,,,,,
Fiat Chrysler,RAM,Promaster City,2022_ram_promaster,MPV,34%,44% T,18% I,Bursa Turkey,,US,,US,,,,,,
Fiat Chrysler,Mazda,Spider  124,2022_mazda_spider,PC,,,,,,,,,,,,,,
Fiat Chrysler,Maserati,Levante,2022_maserati_levante,MPV,2%,71% I,,I,,I,,G,,,,,,
Fiat Chrysler,Maserati,Ghibli,2022_maserati_ghibli,PC,3%,75% I,,I,,I,,G,,,,,,
Fiat Chrysler,Maserati,Quattroporte,2022_maserati_quattroporte,PC,3%,76% I,,I,,I,,G,,,,,,
Fiat Chrysler,Maserati,MC20,2022_maserati_mc20,PC,10%,80% I,,I,,I,,U ,,,,,,
Ford Motor Company,Ford,Bronco,2022_ford_bronco,MPV,55%, ,,US, ,US,,CHN (7SPD),US (10 SPD),,,,,
Ford Motor Company,Ford,Bronco Sport,2022_ford_broncosport,MPV,25%,67% MX,,MX, ,ESP (2.0L),MX (1.5L),US,,,,,,
Ford Motor Company,Ford,EcoSport,2022_ford_ecosport,MPV,22%,54% IN,,IN, ,US (2.0L),,US,,,,,,
Ford Motor Company,Ford,Edge,2022_ford_edge,MPV,32%,20% MX,,CN,,ESP (2.0L),MX (2.7L),US,,,,,,
Ford Motor Company,Ford,Escape,2022_ford_escape,MPV,30%,27% MX,,US,,"MX (2.5L, 1.5L)",ESP (2.0L),US,,,,,,
Ford Motor Company,Ford,Escape,2022_ford_escape,MPV,42%,30% MX,,US,,MX (2.5L),,US,,,,,,
Ford Motor Company,Ford,Expedition,2022_ford_expedition,MPV,50%, ,,US,,US  ,,US,,,,,,
Ford Motor Company,Ford,Explorer,2022_ford_explorer,MPV,45%,15% MX,,US,,US, ,US,,,,,,
Ford Motor Company,Ford,F150,2022_ford_f150,Truck,50%,,,US,US,MX (3.5L),"US (2.7L, 3.3L)",US,,,,,,
Ford Motor Company,Ford,F150,2022_ford_f150,Truck,50%,,,US,US,US (5.0L),,US,,,,,,
Ford Motor Company,Ford,F150,2022_ford_f150,Truck,50%,,,US,US,UK (3.0L),,US,,,,,,
Ford Motor Company,Ford,Fiesta,2022_ford_fiesta,PC,,,,,,,,,,,,,,
Ford Motor Company,Ford,Ranger,2022_ford_ranger,MPV,55%,,,US,,US,,US,,,,,,
Ford Motor Company,Ford,Fusion,2022_ford_fusion,PC,26%,55% MX,,MX,,UK (1.5L),ESP (2.3L),US,,,,,,
Ford Motor Company,Ford,Fusion,2022_ford_fusion,PC,26%,55% MX,,MX,,"MX (2.5L, 2.0L e)",US (2.7L),US,,,,,,
Ford Motor Company,Ford,Ford GT,2022_ford_gt,PC,12%,,,CN,,US,,GER,,,,,,
Ford Motor Company,Ford,Mustang Mach-E,2022_ford_mustangmache,MPV,14%,80% MX,,MX,,MX, ,MX,,,,,,
Ford Motor Company,Ford,Maverick,2022_ford_maverick,MPV,26%,,,MX,,MX (2.5L),ESP (2.0L),US,,,,,,
Ford Motor Company,Ford,Mustang,2022_ford_mustang,PC,50%, ,,US,,US, ,US, ,,,,,
Ford Motor Company,Ford,Mustang,2022_ford_mustang,PC,51%,20% MX,,US,,ESP (2.3),,CH (MAN),US (AUTO),,,,,
Ford Motor Company,Ford,Mustang,2022_ford_mustang,PC,51%,20% MX,,US,,G (5.0),,CH,,,,,,
Ford Motor Company,Ford,Mustang,2022_ford_mustang,PC,51%,20% MX,,US,,US (5.2),,MX,,,,,,
Ford Motor Company,Ford,Transit Connect,2022_ford_transit,Truck,15%,50% ESP,,ESP,,US, ,US, ,,,,,
Ford Motor Company,Lincoln,Corsair,2022_lincoln_corsair,PC,72%,22% MX,,US,,US, ,US,,,,,,
Ford Motor Company,Lincoln,Continental,2022_lincoln_continental,PC,46%,25% MX,,US,,"US (2.7L, 3.7L)",MX (3.0L),,,,,,,
Ford Motor Company,Lincoln,Aviator,2022_lincoln_aviator,MPV,45%,16% MX,,US,,US,MX (HEV),US,,,,,,
Ford Motor Company,Lincoln,MKC,2022_lincoln_mkc,MPV,,,,,,,,,,,,,,
Ford Motor Company,Lincoln,Nautilus,2022_lincoln_nautilus,MPV,45%,15% MX,,CN,,ESP (2.0L),MX (2.7L),US,,,,,,
Ford Motor Company,Lincoln,MKZ,2022_lincoln_mkz,PC,25%,60% MX,,MX,,ESP (2.0L),US (3.0L),US,,,,,,
Ford Motor Company,Lincoln,MKZ,2022_lincoln_mkz,PC,25%,60% MX,,MX,,MX (2.0L e),,US,,,,,,
Ford Motor Company,Lincoln,Navigator,2022_lincoln_navigator,MPV,43%, ,,US,,US,,US,,,,,,
General Motors LLC,Buick,Envision,2022_buick_envision,MPV,1%,94% CH,,CH,,CH,,CH,,,,,,
General Motors LLC,Cadillac,Escalade,2022_cadillac_escalade,MPV,46%,38% M ,,US,,US,,US,,,,,,
General Motors LLC,Chevrolet,Equinox,2022_chevrolet_equinox,MPV,38%,40% M,,M,,US,M,US,,,,,,
General Motors LLC,Chevrolet,"Tahoe, Suburban",2022_chevrolet_tahoe,MPV,46%,38% M,,US,,US,,US,,,,,,
General Motors LLC,GMC,Terrain,2022_gmc_terrain,MPV,38%,40% M,,M,,US,M,US,,,,,,
General Motors LLC,GMC,"Yukon, Yukon EXT",2022_gmc_yukon,MPV,46%,38% M,,US,,US,,US,,,,,,
GM LLC,Chevrolet,Trailblazer,2022_chevrolet_trailblazer,MPV,3%,44% Korea ,29% M,K,,M,,M,,,,,,
GM LLC,Buick,Encore GX,2022_buick_encore,MPV,3%,44% Korea ,29% M,K,,M,,M,,,,,,
GM LLC,Chevrolet,Blazer,2022_chevrolet_blazer,MPV,49%,25% MX, ,"M, Ramos Arizpe",,US,,US,,,,,,
GM LLC,Chevrolet,Traverse,2022_chevrolet_traverse,MPV,49%,25% MX, ,"US, Lansing, MI",,M,,US,,,,,,
GM LLC,Buick,Enclave,2022_buick_enclave,MPV,49%,25% MX, ,"US, Lansing, MI",,M,,US,,,,,,
GM LLC,GMC,Acadia,2022_gmc_acadia,MPV,49%,25% MX, ,"US, Spring Hill, TN",,US,,US,,,,,,
GM LLC,Cadillac,XT5,2022_cadillac_xt5,MPV,49%,25% MX, ,"US, Spring Hill, TN",,US,,US,,,,,,
GM LLC,Cadillac,XT6,2022_cadillac_xt6,MPV,49%,25% MX, ,"US, Spring Hill, TN",,US,,US,,,,,,
GM LLC,Chevrolet,Malibu,2022_chevrolet_malibu,PC,46%,28% M, ,"US, Kansas City, KA",,US, ,US,M,,,,,
GM LLC,Cadillac,XT4,2022_cadillac_xt4,MPV,46%,28% M, ,"US, Kansas City, KA",,US,,US,,,,,,
GM LLC,Buick,Regal,2022_buick_regal,PC,21%,25% Germany,23% Vietnam,"G, Russelsheim ",,US,,J,M,,,,,
GM LLC,Buick,Encore ,2022_buick_encore,MPV,4%,63% Korea, ,"K, Bupyeong",,A,,K,,,,,,
GM LLC,Chevrolet,Trax,2022_chevrolet_trax,MPV,4%,62% Korea, ,"K, Bupyeong",,A,,K,,,,,,
GM LLC,Chevrolet,Sonic,2022_chevrolet_sonic,PC,41%,19% Mexico, ,"US, Lake Orion, MI",,A,,US,,,,,,
GM LLC,Chevrolet,Spark,2022_chevrolet_spark,PC,1%,76% Korea, ,"K, Changwon",,A,,K, ,,,,,
GM LLC,Chevrolet,Colorado,2022_chevrolet_colorado,T,60%,21% M, ,"US, Wentzville, MO",,US,TH,US,,,,,,
GM LLC,GMC,Canyon,2022_gmc_canyon,T,60%,21% M, ,"US, Wentzville, MO",,US,TH,US,,,,,,
GM LLC,Chevrolet,Camaro,2022_chevrolet_camaro,PC,57%,20% M, ,"US, Lansing, MI",,US,,US,M,,,,,
GM LLC,Chevrolet,Bolt,2022_chevrolet_boltev,PC,24%,57% Korea, ,"US, Lake Orion, MI",,K,,K,,,,,,
GM LLC,Chevrolet,Silverado,2022_chevrolet_silverado,T,46%,38% Mexico, ,"US, Roanoke, IN","M, Silao",US,,US,,,,,,
GM LLC,GMC,Sierra,2022_gmc_sierra,T,46%,38% Mexico, ,"US, Roanoke, IN","M, Silao",US,,US,,,,,,
GM LLC,Cadillac,CT6,2022_cadillac_ct6,PC,42%,25% China,22% Mexico,"US, Detroit/Ham, MI",,US,,US,M,,,,,
GM LLC,Chevrolet,Impala,2022_chevrolet_impala,PC,53%,26% Mexico, ,"US, Detroit/Ham, MI","CN, Oshawa Ont",M,,US,,,,,,
GM LLC,Cadillac,CT4,2022_cadillac_ct4,PC,49%,21% China, ,"US, Lansing, MI",,US,,US,,,,,,
GM LLC,Cadillac,CT5,2022_cadillac_ct5,PC,49%,21% China, ,"US, Lansing, MI",,US,,US,,,,,,
GM LLC,Chevrolet,Corvette,2022_chevrolet_corvette,PC,72%, , ,"US, Bowling Green, KY",,US,,US,,,,,,
"Honda Motor Co., Ltd.",Acura,RDX FWD  A- Spec,2022_acura_rdx,MPV,60%,,,US,,US,,US,,,,,,
"Honda Motor Co., Ltd.",Acura,RDX FWD,2022_acura_rdx,MPV,60%,,,US,,US,,US,,,,,,
"Honda Motor Co., Ltd.",Acura,RDX AWD  A- Spec,2022_acura_rdx,MPV,60%,,,US,,US,,US,,,,,,
"Honda Motor Co., Ltd.",Acura,RDX AWD  A- Spec,2022_acura_rdx,MPV,60%,,,US,,US,,US,,,,,,
"Honda Motor Co., Ltd.",Acura,RDX AWD,2022_acura_rdx,MPV,60%,,,US,,US,,US,,,,,,
"Honda Motor Co., Ltd.",Honda,Ridgeline  AWD,2022_honda_ridgeline,Truck,70%,,,US,,US,,US,,,,,,
"Honda Motor Co., Ltd.",Honda,Ridgeline  FWD,2022_honda_ridgeline,Truck,70%,,,US,,US,,US,,,,,,
"Honda Motor Co., Ltd.",Honda,Pilot 2WD,2022_honda_pilot,MPV,70%,,,US,,US,,US,,,,,,
"Honda Motor Co., Ltd.",Honda,Pilot AWD,2022_honda_pilot,MPV,70%,,,US,,US,,US,,,,,,
"Honda Motor Co., Ltd.",Honda,Pilot AWD TrailSport,2022_honda_pilot,MPV,70%,,,US,,US,,US,,,,,,
"Honda Motor Co., Ltd.",Honda,Passport 2WD,2022_honda_passport,MPV,75%,,,US,,US,,US,,,,,,
"Honda Motor Co., Ltd.",Honda,Passport AWD,2022_honda_passport,MPV,75%,,,US,,US,,US,,,,,,
"Honda Motor Co., Ltd.",Acura,MDX FWD,2022_acura_mdx,MPV,60%,,,US,,US,,US,,,,,,
"Honda Motor Co., Ltd.",Acura,MDX AWD,2022_acura_mdx,MPV,60%,,,US,,US,,US,,,,,,
"Honda Motor Co., Ltd.",Acura,MDX AWD Type S,2022_acura_mdx,MPV,60%,15% J,,US,,US,,US,,,,,,
"Honda Motor Co., Ltd.",Honda,Odyssey,2022_honda_odyssey,MPV,70%,,,US,,US,,US,,,,,,
"Honda Motor Co., Ltd.",Acura,NSX  AWD,2022_acura_nsx,PC,35%,35% J,20% UK,US,,UK,,J,,,,,,
"Honda Motor Co., Ltd.",Acura,ILX AWD,2022_acura_ilx,PC,55%,25% J,,US,,US,,J,,,,,,
"Honda Motor Co., Ltd.",Acura,TLX AWD,2022_acura_tlx,PC,65%,,,US,,US,,US,,,,,,
"Honda Motor Co., Ltd.",Acura,TLX  AWD A-Spec,2022_acura_tlx,PC,65%,,,US,,US,,US,,,,,,
"Honda Motor Co., Ltd.",Acura,TLX  FWD,2022_acura_tlx,PC,65%,,,US,,US,,US,,,,,,
"Honda Motor Co., Ltd.",Acura,TLX  FWD A-Spec,2022_acura_tlx,PC,65%,,,US,,US,,US,,,,,,
"Honda Motor Co., Ltd.",Acura,TLX  Type-S,2022_acura_tlx,PC,55%,,,US,,J,,US,,,,,,
"Honda Motor Co., Ltd.",Acura,TLX  Type-S Perf Tire,2022_acura_tlx,PC,55%,,,US,,J,,US,,,,,,
"Honda Motor Co., Ltd.",Honda,CR-V FWD,2022_honda_crv,MPV,65%,,,US,,US,,US,,,,,,
"Honda Motor Co., Ltd.",Honda,CR-V FWD,2022_honda_crv,MPV,65%,,,US,,US,,US,,,,,,
"Honda Motor Co., Ltd.",Honda,CR-V FWD,2022_honda_crv,MPV,65%,,,CAN,,US,,US,,,,,,
"Honda Motor Co., Ltd.",Honda,CR-V AWD,2022_honda_crv,MPV,65%,,,US,,US,,US,,,,,,
"Honda Motor Co., Ltd.",Honda,CR-V AWD,2022_honda_crv,MPV,50%,20% J,,US,,US,,US,,,,,,
"Honda Motor Co., Ltd.",Honda,CR-V AWD,2022_honda_crv,MPV,50%,20% J,,US,,US,,US,,,,,,
"Honda Motor Co., Ltd.",Honda,CR-V AWD,2022_honda_crv,MPV,50%,20% J,,CAN,,US,,US,,,,,,
"Honda Motor Co., Ltd.",Honda,CR-V AWD,2022_honda_crv,MPV,50%,20% J,,US,,US,,US,,,,,,
"Honda Motor Co., Ltd.",Honda,CR-V AWD,2022_honda_crv,MPV,50%,20% J,,US,,J,,J,,,,,,
"Honda Motor Co., Ltd.",Honda,HR-V FWD,2022_honda_hrv,MPV,20%,40% MX,15% J    ,MX,,US,,MX,,,,,,
"Honda Motor Co., Ltd.",Honda,HR-V AWD,2022_honda_hrv,MPV,20%,35% MX,20% J,MX,,US,,Ind,,,,,,
"Honda Motor Co., Ltd.",Honda,Civic  5Dr,2022_honda_civic,PC,60%, , ,US,,US,,M,,,,,,
"Honda Motor Co., Ltd.",Honda,Civic  5Dr,2022_honda_civic,PC,60%, , ,US,,US,,Ind,,,,,,
"Honda Motor Co., Ltd.",Honda,Civic  5Dr,2022_honda_civic,PC,60%, , ,US,,US,,US,,,,,,
"Honda Motor Co., Ltd.",Honda,Civic  5Dr,2022_honda_civic,PC,60%, , ,US,,US,,Ind,,,,,,
"Honda Motor Co., Ltd.",Honda,Civic 4D,2022_honda_civic,PC,60%,,,CAN,,US,,Ind,,,,,,
"Honda Motor Co., Ltd.",Honda,Civic 4D,2022_honda_civic,PC,60%,,,J,,J,,J,,,,,,
"Honda Motor Co., Ltd.",Honda,Civic 4D,2022_honda_civic,PC,60%,,,CAN,,US,,MX,,,,,,
"Honda Motor Co., Ltd.",Honda,Civic 4D,2022_honda_civic,PC,60%,,,CAN,,US,,US,,,,,,
"Honda Motor Co., Ltd.",Honda,Accord,2022_honda_accord,PC,50%,20% J,,US,,US,,US,,,,,,
"Honda Motor Co., Ltd.",Honda,Accord,2022_honda_accord,PC,50%,20% J,,US,,J,,J,,,,,,
"Honda Motor Co., Ltd.",Honda,Accord Sport/Touring,2022_honda_accord,PC,60%,,,US,,US,,US,,,,,,
"Honda Motor Co., Ltd.",Honda,Accord Sport/Touring,2022_honda_accord,PC,60%,,,US,,US,,US,,,,,,
"Honda Motor Co., Ltd.",Honda,Accord Sport/Touring,2022_honda_accord,PC,60%,,,US,,J,,J,,,,,,
"Honda Motor Co., Ltd.",Honda,Insight,2022_honda_insight,PC,45%,35% J,,US,,J,,J,,,,,,
"Honda Motor Co., Ltd.",Honda,Insight Touring,2022_honda_insight,PC,45%,35% J,,US,,J,,J,,,,,,
"Honda Motor Co., Ltd.",Honda,Clarity,2022_honda_clarity,PC,10%,85% J,,J,,J,,J,,,,,,
Hyundai Motor Company,Hyundai,Accent,2022_hyundai_accent,PC,5%,55% MX,35% K,MX,,MX,,K,MX,,,,,
Hyundai Motor Company,Hyundai,Azera,2022_hyundai_azera,PC,,,,,,,,,,,,,,
Hyundai Motor Company,Hyundai,Elantra,2022_hyundai_elantra,PC,0%,90% K,,K,,K,,K,,,,,,
Hyundai Motor Company,Hyundai,Elantra N,2022_hyundai_elantran,PC,0%,90% K,,K,,K,,K,,,,,,
Hyundai Motor Company,Hyundai,Elantra ,2022_hyundai_elantra,PC,55%,25% K,15% M,US,,US,,M,,,,,,
Hyundai Motor Company,Hyundai,Elantra HEV,2022_hyundai_elantrahybrid,PC,1%,85% K,,K,,K,,K,,,,,,
Hyundai Motor Company,Genesis,G90,2022_genesis_g90,PC,0%,80% K,,K,,K,,K,,,,,,
Hyundai Motor Company,Genesis,G80,2022_genesis_g80,PC,5%,85% K,,K,,K,,K,,,,,,
Hyundai Motor Company,Genesis,G70,2022_genesis_g70,PC,5%,80% K,,K,,K,,K,,,,,,
Hyundai Motor Company,Genesis,GV70,2022_genesis_gv70,MPV,5%,90% K,,K,,K,,K,,,,,,
Hyundai Motor Company,Genesis,GV80,2022_genesis_gv80,MPV,2%,80% K,,K,,K,,K,,,,,,
Hyundai Motor Company,Hyundai,Ioniq PHEV,2022_hyundai_ioniqhybrid,PC,2%,85% K,,K,,K,,K,,,,,,
Hyundai Motor Company,Hyundai,Ioniq 5,2022_hyundai_ioniq5,PC,0%,95% K, ,K,,K,,K,,,,,,
Hyundai Motor Company,Hyundai,Ioniq HEV,2022_hyundai_ioniqhybrid,PC,1%,85% K,,K,,K,,K,,,,,,
Hyundai Motor Company,Hyundai,Kona,2022_hyundai_kona,MPV,0%,90% K,,K,,K, ,K,,,,,,
Hyundai Motor Company,Hyundai,Kona N,2022_hyundai_konan,MPV,2%,90% K,,K,,K, ,K,,,,,,
Hyundai Motor Company,Hyundai,Palisade,2022_hyundai_palisade,MPV,0%,75% K,,K,,K, ,K,,,,,,
Hyundai Motor Company,Hyundai,Kona EV,2022_hyundai_konaev,MPV,0%,95% K,,K,,K,,K,,,,,,
Hyundai Motor Company,Hyundai,Santa Fe Sport,2022_hyundai_santafe,MPV,,,,,,,,,,,,,,
Hyundai Motor Company,Hyundai,Santa Fe ,2022_hyundai_santafe,MPV,50%,40% K,,US,,US,,US,K,,,,,
Hyundai Motor Company,Hyundai,Santa Fe HEV,2022_hyundai_santafehybrid,MPV,0%,80% K,,K,,K,,K, ,,,,,
Hyundai Motor Company,Hyundai,Santa Fe PHEV,2022_hyundai_santafehybrid,MPV,0%,85% K,,K,,K,,K, ,,,,,
Hyundai Motor Company,Hyundai,Sonata HEV,2022_hyundai_sonatahybrid,PC,1%,90% K,,K,,K,,K,,,,,,
Hyundai Motor Company,Hyundai,Sonata,2022_hyundai_sonata,PC,0%,90% K,,K,,K,,K,,,,,,
Hyundai Motor Company,Hyundai,Sonata,2022_hyundai_sonata,PC,45%,40% K,,US,,US,,US,,,,,,
Hyundai Motor Company,Hyundai,Sorento,2022_kia_sorento,MPV,55%,30% K,,US,,US,,US,K,,,,,
Hyundai Motor Company,Hyundai,Tucson,2022_hyundai_tucson,MPV,0%,90% K,,K,,K,,K,,,,,,
Hyundai Motor Company,Hyundai,Tucson Hybrid,2022_hyundai_tucsonhybrid,MPV,0%,90% K,,K,,K,,K,,,,,,
Hyundai Motor Company,Hyundai,Tucson PHEV,2022_hyundai_tucsonhybrid,MPV,0%,90% K,,K,,K,,K,,,,,,
Hyundai Motor Company,Hyundai,Veloster,2022_hyundai_veloster,PC,0%,85% K,,K,,K,,K,,,,,,
Hyundai Motor Company,Hyundai,Veloster N,2022_hyundai_velostern,PC,0%,90% K,,K,,K,,K,,,,,,
Hyundai Motor Company,Hyundai,Sonata Hybrid,2022_hyundai_sonatahybrid,PC,,,,,,,,,,,,,,
Hyundai Motor Company,Hyundai,Nexo,2022_hyundai_nexo,MPV,1%,80% K,,K,,K,,K,,,,,,
Hyundai Motor Company,Hyundai,Venue,2022_hyundai_venue,MPV,0%,95% K,,K,,K,,K,,,,,,
Jaguar Land Rover Limited,Jaguar,F-PACE (2.0t),2022_jaguar_fpace,MPV,0%,61% UK,15% G,UK, ,UK, ,G,,,,,,
Jaguar Land Rover Limited,Jaguar,F-PACE (3.0t),2022_jaguar_fpace,MPV,0%,61% UK,15% G,UK, ,UK, ,G,,,,,,
Jaguar Land Rover Limited,Jaguar,F-PACE - SVR,2022_jaguar_fpace,MPV,0%,61% UK,11% G,UK, ,UK, ,G,,,,,,
Jaguar Land Rover Limited,Jaguar,F-TYPE Automatic Coupe RWD (V8),2022_jaguar_ftype,PC,8%,50% G,41% UK,UK, ,UK, ,G,,,,,,
Jaguar Land Rover Limited,Jaguar,F-TYPE Automatic Coupe AWD (V8),2022_jaguar_ftype,PC,8%,50% G,41% UK,UK, ,UK, ,G,,,,,,
Jaguar Land Rover Limited,Jaguar,F-TYPE Automatic Convertible RWD (V8),2022_jaguar_ftype,PC,8%,50% G,41% UK,UK, ,UK, ,G,,,,,,
Jaguar Land Rover Limited,Jaguar,F-TYPE Automatic Convertible AWD (V8),2022_jaguar_ftype,PC,8%,50% G,41% UK,UK, ,UK, ,G,,,,,,
Jaguar Land Rover Limited,Jaguar,"F-TYPE Checkered Flag LE Automatic AWD Coupe
(V6 - 380 HP)",2022_jaguar_ftype,PC,0%,65% United Kingdom,18% Germany,UK, ,UK, ,G,,,,,,
Jaguar Land Rover Limited,Jaguar,F-TYPE R Coupe (AWD) (V8 - 550 HP),2022_jaguar_ftype,PC,0%,66% United Kingdom,20% Germany,UK, ,UK, ,G,,,,,,
Jaguar Land Rover Limited,Jaguar,F-TYPE SVR Coupe (AWD) (V8 - 575 HP),2022_jaguar_ftype,PC,0%,66% United Kingdom,20% Germany,UK, ,UK, ,G,,,,,,
Jaguar Land Rover Limited,Jaguar,"I-PACE EV400 S
(394hp Electric Motors/90kWh Battery)",2022_jaguar_ipace,MPV,0%,74% Poland, ,AU, ,P,,P,,,,,,
Jaguar Land Rover Limited,Jaguar,"I-PACE EV400 Waymo
(394hp Electric Motors/90kWh Battery)",2022_jaguar_ipace,MPV,0%,74% Poland, ,AU, ,P,,P,,,,,,
Jaguar Land Rover Limited,Jaguar,"I-PACE EV400 HSE
(394hp Electric Motors/90kWh Battery)",2022_jaguar_ipace,MPV,0%,74% Poland, ,AU, ,P,,P,,,,,,
Jaguar Land Rover Limited,Jaguar,XJ R-Sport - RWD,2022_jaguar_xj,PC,,,,,,,,,,,,,,
Jaguar Land Rover Limited,Jaguar,XJ R-Sport - AWD,2022_jaguar_xj,PC,,,,,,,,,,,,,,
Jaguar Land Rover Limited,Jaguar,XJ Portfolio - RWD,2022_jaguar_xj,PC,,,,,,,,,,,,,,
Jaguar Land Rover Limited,Jaguar,XJ Portfolio - AWD,2022_jaguar_xj,PC,,,,,,,,,,,,,,
Jaguar Land Rover Limited,Jaguar,XJ Supercharged - SWB,2022_jaguar_xj,PC,,,,,,,,,,,,,,
Jaguar Land Rover Limited,Jaguar,XJ Supercharged - LWB,2022_jaguar_xj,PC,,,,,,,,,,,,,,
Jaguar Land Rover Limited,Jaguar,XJR - SWB,2022_jaguar_xjr,PC,,,,,,,,,,,,,,
Jaguar Land Rover Limited,Jaguar,XJR - LWB,2022_jaguar_xjr,PC,,,,,,,,,,,,,,
Jaguar Land Rover Limited,Jaguar,XF - RWD,2022_jaguar_xf,PC,4%,50% UK,43% G,UK,,UK,,G,,,,,,
Jaguar Land Rover Limited,Jaguar,XF - AWD,2022_jaguar_xf,PC,4%,48% G,46% UK,UK,,UK,,G,,,,,,
Jaguar Land Rover Limited,Jaguar,XF - 30t RWD,2022_jaguar_xf,PC,4%,50% UK,43% G,UK,,UK,,G,,,,,,
Jaguar Land Rover Limited,Jaguar,XF - 30t AWD,2022_jaguar_xf,PC,4%,48% G,46% UK,UK,,UK,,G,,,,,,
Jaguar Land Rover Limited,Jaguar,XF - S AWD,2022_jaguar_xf,PC,5%,47% G,46% UK,UK,,UK,,G,,,,,,
Jaguar Land Rover Limited,Jaguar,XF - 30t Sportbrake AWD,2022_jaguar_xf,PC,5%,51% G,43% UK,UK,,UK,,G,,,,,,
Jaguar Land Rover Limited,Jaguar,XF - S Sportbrake AWD,2022_jaguar_xf,PC,5%,51%G,43% UK,UK,,UK,,G,,,,,,
Jaguar Land Rover Limited,Jaguar,XE - 25t RWD,2022_jaguar_xe,PC,4%,52% G ,41% UK,UK,,UK,,G,,,,,,
Jaguar Land Rover Limited,Jaguar,XE - 25t AWD,2022_jaguar_xe,PC,4%,54% G,39% UK,UK,,UK,,G,,,,,,
Jaguar Land Rover Limited,Jaguar,XE - 30t AWD,2022_jaguar_xe,PC,4%,54% G,39% UK,UK,,UK,,G,,,,,,
Jaguar Land Rover Limited,Land Rover,Defender - 90,2022_landrover_defender,MPV,1%,31% UK,19% G,SL,,UK,,G,,,,,,
Jaguar Land Rover Limited,Land Rover,Defender - 110,2022_landrover_defender,MPV,1%,31% UK,19% G,SL,,UK,,G,,,,,,
Jaguar Land Rover Limited,Land Rover,Discovery Sport,2022_landrover_discoverysport,MPV,7%,50% UK,,UK,,UK,,US,,,,,,
Jaguar Land Rover Limited,Land Rover,Range Rover Evoque,2022_landrover_rangeroverevoque,MPV,9%,54% UK,15% G ,UK,,UK,,US,,,,,,
Jaguar Land Rover Limited,Land Rover,"Range Rover Velar
(2.0L 14 Gasoline Turbocharged)",2022_landrover_rangerovervelar,MPV,8%,60% UK,,UK,,UK,,G,,,,,,
Jaguar Land Rover Limited,Land Rover,"Range Rover Velar
(3.0L V6 Gasoline Turbocharged)",2022_landrover_rangerovervelar,MPV,8%,60% UK,,UK,,UK,,G,,,,,,
Jaguar Land Rover Limited,Land Rover,"Range Rover Velar
(5.0L V8 Gasoline Supercharged)",2022_landrover_rangerovervelar,MPV,8%,60% UK,,UK,,UK,,G,,,,,,
Jaguar Land Rover Limited,Land Rover,Range Rover 2.0L  PHEV  (Gasoline)  Standard Wheelbase,2022_landrover_rangeroverhybrid,MPV,5%,60% UK,8% G,UK,,UK,,G,,,,,,
Jaguar Land Rover Limited,Land Rover,Range Rover 3.0L  Supercharged   (Gasoline)  Standard Wheelbase,2022_landrover_rangerover,MPV,5%,60% UK,8% G,UK,,UK,,G,,,,,,
Jaguar Land Rover Limited,Land Rover,Range Rover 3.0L  Turbocharged (Gasoline)    Standard Wheelbase,2022_landrover_rangerover,MPV,9%,72% UK,16% G,UK,,UK,,G,,,,,,
Jaguar Land Rover Limited,Land Rover,Range Rover 5.0L  Supercharged   (Gasoline)  Standard Wheelbase,2022_landrover_rangerover,MPV,9%,72% UK,16% G,UK,,UK,,G,,,,,,
Jaguar Land Rover Limited,Land Rover,Range Rover 5.0 L  Supercharged   (Gasoline)  Long Wheelbase,2022_landrover_rangerover,MPV,9%,72% UK,16% G,UK,,UK,,G,,,,,,
Jaguar Land Rover Limited,Land Rover,Range Rover Sport 2.0L PHEV (Gasoline),2022_landrover_rangeroversporthybrid,MPV,1%,54% UK,15% G,UK,,UK,,G,,,,,,
Jaguar Land Rover Limited,Land Rover,Range Rover Sport 3.0L Turbocharged (Gasoline),2022_landrover_rangeroversport,MPV,1%,54% UK,15% G,UK,,UK,,G,,,,,,
Jaguar Land Rover Limited,Land Rover,Range Rover Sport 3.0L Turbocharged   (Diesel),2022_landrover_rangeroversport,MPV,7%,69% UK,17% G,UK,,UK,,G,,,,,,
Jaguar Land Rover Limited,Land Rover,Range Rover Sport 5.0L Supercharged (Gasoline),2022_landrover_rangeroversport,MPV,7%,69% UK,17% G,UK,,UK,,G,,,,,,
Jaguar Land Rover Limited,Land Rover,Discovery 2.0L Turbocharged,2022_landrover_discovery,MPV,0%,72% UK,12% G,SL,,UK,,G,,,,,,
Jaguar Land Rover Limited,Land Rover,Discovery 3.0L Turbocharged,2022_landrover_discovery,MPV,0%,72% UK,12% G,SL,,UK,,G,,,,,,
Jaguar Land Rover Limited,Land Rover,Discovery 3.0L Turbocharged (Diesel),2022_landrover_discovery,MPV,7%,68% UK,17% G,UK,,UK,,G,,,,,,
Jaguar Land Rover Limited,Land Rover,Discovery 3.0L Turbocharged (Diesel),2022_landrover_discovery,MPV,0%,72% UK,12% G,SL,,UK,,G,,,,,,
Jaguar Land Rover Limited,Land Rover,E-Pace (I4-246  HP),2022_jaguar_epace,MPV,14%,62% G,21% UK,AU,,UK,,US,,,,,,
Jaguar Land Rover Limited,Land Rover,E-Pace (I4-296  HP),2022_jaguar_epace,MPV,15%,63% G,20% UK,AU,,UK,,US,,,,,,
Kia Motors,Kia,EV6 Electric,2022_kia_ev6,MPV,0%,95% K, ,K,,K,,K,,,,,,
Kia Motors,Kia,Forte,2022_kia_forte,PC,15%,40% K,45% M,M ,,M,,M,K,,,,,
Kia Motors,Kia,K900,2022_kia_k900,PC,5%,90% K,,K,,K,,K,,,,,,
Kia Motors,Kia,Niro,2022_kia_niro,MPV,,,,,,,,,,,,,,
Kia Motors,Kia,Niro Electric,2022_kia_niroev,MPV,0%,65% K,30% CH,K,,K,,K,,,,,,
Kia Motors,Kia,Niro Hybrid,2022_kia_nirohybrid,MPV,5%,80% K,,K,,K,,K,,,,,,
Kia Motors,Kia,Niro Plug-In Hybrid,2022_kia_nirohybrid,MPV,5%,80% K,,K,,K,,K,,,,,,
Kia Motors,Kia,Rio,2022_kia_rio,PC,5%,35% K,55% M,M,,M,,M,,,,,,
Kia Motors,Kia,Carnival,2022_kia_carnival,MPV,0%,95% K,,K,,K,,K,,,,,,
Kia Motors,Kia,Seltos,2022_kia_seltos,MPV,0%,90% K,,K,,K, ,K,,,,,,
Kia Motors,Kia,Sorento,2022_kia_sorento,MPV,55%,30% K,,US,,US, ,US,K,,,,,
Kia Motors,Kia,Sorento Hybrid,2022_kia_sorentohybrid,MPV,1%,90% K,,K,,K,,K,,,,,,
Kia Motors,Kia,Sorento PHEV,2022_kia_sorentohybrid,MPV,1%,90% K,,K,,K,,K,,,,,,
Kia Motors,Kia,Sportage,2022_kia_sportage,MPV,0%,85% K,,K,,K,,K,,,,,,
Kia Motors,Kia,Stinger,2022_kia_stinger,PC,0%,90%,,K,,K,,K,,,,,,
Kia Motors,Kia,Soul,2022_kia_soul,MPV,0%,90% K,,K,,K,,K,,,,,,
Kia Motors,Kia,Soul EV,2022_kia_soul,MPV,5%,90% K,,K,,K,,K,,,,,,
Kia Motors,Kia,Telluride,2022_kia_telluride,MPV,60%,35% K,,US,,K,,US,,,,,,
Lotus Cars Ltd.,Lotus,Evora,2022_lotus_evora,PC,0%,,,UK,,J,,J,,,,,,
Lamborghini,Lamborghini,Huracan EVO ,2022_lamborghini_huracan,PC,0%,61% G,15% I,I,,H,,G,,,,,,
Lamborghini,Lamborghini,Huracan STO,2022_lamborghini_huracan,PC,0%,43% I,40% G,I,,H,,G,,,,,,
Lamborghini,Lamborghini,Aventador SJ,2022_lamborghini_aventador,PC,0%,37% I,27% G,I,,I,,I,,,,,,
Lamborghini,Lamborghini,Aventador SVJ,2022_lamborghini_aventador,PC,0%,49% I,29% G,I,,I,,I,,,,,,
Lamborghini,Lamborghini,Sian,2022_lamborghini_sian,PC,0%,45% I,31% G,I,,I,,I,,,,,,
Lamborghini,Lamborghini,URUS,2022_lamborghini_urus,MPV,0%,72% G,,I,,G,,G,,,,,,
Mazda Motor Corporation,Scion,iA  AT,2022_scion_ia,PC,,,,,,,,,,,,,,
Mazda Motor Corporation,Scion,iA   MT,2022_scion_ia,PC,,,,,,,,,,,,,,
Mazda Motor Corporation,Toyota,Yaris   AT,2022_toyota_yaris,PC,,,,,,,,,,,,,,
Mazda Motor Corporation,Toyota,Yaris IA  / AT,2022_toyota_yaris,PC,,,,,,,,,,,,,,
Mazda Motor Corporation,Toyota,Yaris  MT,2022_toyota_yaris,PC,,,,,,,,,,,,,,
Mazda Motor Corporation,Mazda,CX-3,2022_mazda_cx3,PC,0%,85% J,,J,,J,,J,,,,,,
Mazda Motor Corporation,Mazda,CX-30,2022_mazda_cx30,PC,5%,65% M,20% J,M,,M,,TH,,,,,,
Mazda Motor Corporation,Mazda,MX-30,2022_mazda_mx30,PC,0%,90% J, ,J,,J,,J,,,,,,
Mazda Motor Corporation,Mazda,CX-5,2022_mazda_cx5,MPV,0%,90% J,,J,,J,,J,,,,,,
Mazda Motor Corporation,Mazda,CX-9,2022_mazda_cx9,MPV,0%,90% J,,J,,J,,J,,,,,,
Mazda Motor Corporation,Mazda, Fiat     124 Spider,2022_mazda_fiat,PC,,,,,,,,,,,,,,
Mazda Motor Corporation,Mazda,Mazda2,2022_mazda_2,PC,5%,70% M ,25% J,M,,M,,J,,,,,,
Mazda Motor Corporation,Mazda,Mazda3,2022_mazda_3,PC,0%,85% J,,J,,J,,J,,,,,,
Mazda Motor Corporation,Mazda,Mazda3,2022_mazda_3,PC,5%,70% M ,20% J,M,,M,,TH,,,,,,
Mazda Motor Corporation,Mazda,Mazda6,2022_mazda_6,PC,0%,90% J,,J,,J,,J,,,,,,
Mazda Motor Corporation,Mazda,MX-5  Miata,2022_mazda_mx5miata,PC,0%,90% J,,J,,J,,J,,,,,,
Mercedes-Benz USA,Mercedes-Benz,C-Class Sedan (C300/C300-4M),2022_mercedesbenz_c,PC,19%,34% SA,30% G,SA,,US,,G,,,,,,
Mercedes-Benz USA,Mercedes-Benz,C-Class Sedan (C43),2022_mercedesbenz_c,PC,0%,59% G,28% SA,SA,,G,,G,,,,,,
Mercedes-Benz USA,Mercedes-Benz,C-Class Sedan (C63/C63S),2022_mercedesbenz_c,PC,0%,59% G,28% SA,SA,,G,,G,,,,,,
Mercedes-Benz USA,Mercedes-Benz,C-Class Coupe (C300/C300-4M),2022_mercedesbenz_c,PC,0%,82% G,,G,,G,,G,,,,,,
Mercedes-Benz USA,Mercedes-Benz,C-Class Coupe  (C43),2022_mercedesbenz_c,PC,0%,82% G,,G,,G,,G,,,,,,
Mercedes-Benz USA,Mercedes-Benz,C-Class Coupe  (C63/C63S),2022_mercedesbenz_c,PC,0%,82% G,,G,,G,,G,,,,,,
Mercedes-Benz USA,Mercedes-Benz,C-Class Cabriolet (C300/C300-4M),2022_mercedesbenz_c,PC,0%,78% G,,G,,G,,G,,,,,,
Mercedes-Benz USA,Mercedes-Benz,C-Class Cabriolet  (C43),2022_mercedesbenz_c,PC,0%,78% G,,G,,G,,G,,,,,,
Mercedes-Benz USA,Mercedes-Benz,C-Class Cabriolet (C63/C63S),2022_mercedesbenz_c,PC,0%,78% G,,G,,G,,G,,,,,,
Mercedes-Benz USA,Mercedes-Benz,E-Class Sedan (E350/E350-4M),2022_mercedesbenz_e,PC,0%,79% G,,G,,G,,G,,,,,,
Mercedes-Benz USA,Mercedes-Benz,E-Class Sedan (E450-4M/ AMG E53),2022_mercedesbenz_e,PC,0%,79% G,,G,,G,,G,,,,,,
Mercedes-Benz USA,Mercedes-Benz,E-Class Sedan (E63S),2022_mercedesbenz_e,PC,0%,79% G,,G,,G,,G,,,,,,
Mercedes-Benz USA,Mercedes-Benz,E-Class Wagon (E450-4M),2022_mercedesbenz_e,PC,0%,82% G,,G,,G,,G,,,,,,
Mercedes-Benz USA,Mercedes-Benz,E-Class Wagon (E63S),2022_mercedesbenz_e,PC,0%,82% G,,G,,G,,G,,,,,,
Mercedes-Benz USA,Mercedes-Benz,E-Class Coupe (E450/E450-4M/AMG E53),2022_mercedesbenz_e,PC,0%,81% G,,G,,G,,G,,,,,,
Mercedes-Benz USA,Mercedes-Benz,E-Class Cabriolet (E450/E450-4M/AMG E53),2022_mercedesbenz_e,PC,0%,77% G,,G,,G,,G,,,,,,
Mercedes-Benz USA,Mercedes-Benz,CLS Coupe (CLS450/CLS450-4M/AMG CLS53),2022_mercedesbenz_cls,PC,0%,82% G,,G,,G,,G,,,,,,
Mercedes-Benz USA,Mercedes-Benz,EQS Sedan (EQS 450+/EQS 580-4M/EQS 53),2022_mercedesbenz_eqssedan,PC,0%,80% G,,G,,G,,G,,,,,,
Mercedes-Benz USA,Mercedes-Benz,S-Class Sedan (S500-4M),2022_mercedesbenz_s,PC,0%,80% G,,G,,G,,G,,,,,,
Mercedes-Benz USA,Mercedes-Benz,S-Class Sedan (S580-4M),2022_mercedesbenz_s,PC,0%,80% G,,G,,G,,G,,,,,,
Mercedes-Benz USA,Mercedes-Benz,S-Class Sedan (S65),2022_mercedesbenz_s,PC,0%,81% G,,G,,G,,G,,,,,,
Mercedes-Benz USA,Mercedes-Benz,S-Class Maybach (S580-4M),2022_mercedesbenz_s,PC,0%,76% G,,G,,G,,G,,,,,,
Mercedes-Benz USA,Mercedes-Benz,S-Class Maybach (S650),2022_mercedesbenz_s,PC,0%,82% G,,G,,G,,G,,,,,,
Mercedes-Benz USA,Mercedes-Benz,S-Class Coupe (S560-4M/S63-4M),2022_mercedesbenz_s,PC,0%,84% G,,G,,G,,G,,,,,,
Mercedes-Benz USA,Mercedes-Benz,S-Class Coupe (S65),2022_mercedesbenz_s,PC,0%,84% G,,G,,G,,G,,,,,,
Mercedes-Benz USA,Mercedes-Benz,S-Class Cabriolet  (S560-4M/S63-4M),2022_mercedesbenz_s,PC,0%,79% G,,G,,G,,G,,,,,,
Mercedes-Benz USA,Mercedes-Benz,S-Class Cabriolet (S65),2022_mercedesbenz_s,PC,0%,78% G,,G,,G,,G,,,,,,
Mercedes-Benz USA,Mercedes-Benz,SL Roadster (SL450),2022_mercedesbenz_sl,PC,0%,81% G,,G,,G,,G,,,,,,
Mercedes-Benz USA,Mercedes-Benz,SL Roadster (SL550),2022_mercedesbenz_sl,PC,0%,81% G,,G,,G,,G,,,,,,
Mercedes-Benz USA,Mercedes-Benz,SL Roadster (SL63),2022_mercedesbenz_sl,PC,0%,81% G,,G,,G,,G,,,,,,
Mercedes-Benz USA,Mercedes-Benz,SLC Roadster (SLC300),2022_mercedesbenz_slc,PC,0%,87% G,,G,,G,,G,,,,,,
Mercedes-Benz USA,Mercedes-Benz,SLC Roadster (SLC43),2022_mercedesbenz_slc,PC,0%,87% G,,G,,G,,G,,,,,,
Mercedes-Benz USA,Mercedes-Benz,CLA Coupe (CLA250/CLA250-4M),2022_mercedesbenz_cla,PC,0%,61% G,15% H,H,,G,,G,,,,,,
Mercedes-Benz USA,Mercedes-Benz,CLA Coupe (CLA45 AMG),2022_mercedesbenz_cla,PC,0%,61% G,15% H,H,,G,,G,,,,,,
Mercedes-Benz USA,Mercedes-Benz,CLA Coupe (CLA35 AMG),2022_mercedesbenz_cla,PC,0%,61% G,15% H,H,,G,,G,,,,,,
Mercedes-Benz USA,Smart,smart electric coupe,2022_smart_smart,PC,,,,,,,,,,,,,,
Mercedes-Benz USA,Smart,smart electric cabrio,2022_smart_smart,PC,,,,,,,,,,,,,,
Mercedes-Benz USA,Mercedes-Benz,GLA SUV (GLA250/GLA250-4M),2022_mercedesbenz_gla,MPV,0%,73% G,,G,,G,,G,,,,,,
Mercedes-Benz USA,Mercedes-Benz,GLA SUV (AMG GLA35 / AMG GLA45),2022_mercedesbenz_gla,MPV,0%,73% G,,G,,G,,G,,,,,,
Mercedes-Benz USA,Mercedes-Benz,GLC SUV  (GLC300/GLC300-4M),2022_mercedesbenz_glc,MPV,0%,78% G,,FN,,G,,G,,,,,,
Mercedes-Benz USA,Mercedes-Benz,GLC SUV  (GLC300-4M),2022_mercedesbenz_glc,MPV,17%,58% G,,G,,US,,G,,,,,,
Mercedes-Benz USA,Mercedes-Benz,GLC SUV  (GLC300),2022_mercedesbenz_glc,MPV,19%,58% G,,G,,US,,G,,,,,,
Mercedes-Benz USA,Mercedes-Benz,GLC SUV  (GLC43-4M),2022_mercedesbenz_glc,MPV,0%,75% G,,G,,G,,G,,,,,,
Mercedes-Benz USA,Mercedes-Benz,GLC SUV  (GLC63-4M),2022_mercedesbenz_glc,MPV,0%,75% G,,G,,G,,G,,,,,,
Mercedes-Benz USA,Mercedes-Benz,GLC Coupe (GLC300-4M),2022_mercedesbenz_glc,PC,0%,79% G,,G,,G,,G,,,,,,
Mercedes-Benz USA,Mercedes-Benz,GLC Coupe (GLC43),2022_mercedesbenz_glc,PC,0%,79% G,,G,,G,,G,,,,,,
Mercedes-Benz USA,Mercedes-Benz,GLC Coupe (GLC63),2022_mercedesbenz_glc,PC,0%,79% G,,G,,G,,G,,,,,,
Mercedes-Benz USA,Mercedes-Benz,GLC SUV (GLC300/GLC300-4M),2022_mercedesbenz_glc,PC,0%,75% G,,G,,G,,G,,,,,,
Mercedes-Benz USA,Mercedes-Benz,GLC SUV  (GLC43-4M),2022_mercedesbenz_glc,PC,0%,78% G,,FN,,G,,G,,,,,,
Mercedes-Benz USA,Mercedes-Benz,GLC Coupe (GLC63-4M/GLC63S-4M),2022_mercedesbenz_glc,PC,0%,79% G,,G,,G,,G,,,,,,
Mercedes-Benz USA,Mercedes-Benz,GLE SUV (GLE350-4M/GLE350),2022_mercedesbenz_gle,MPV,69%,12% G,,US,,US,,G,,,,,,
Mercedes-Benz USA,Mercedes-Benz,GLE SUV (GLE450-4M),2022_mercedesbenz_gle,MPV,46%,36% G,,US,,G,,G,,,,,,
Mercedes-Benz USA,Mercedes-Benz,GLE SUV (GLE580-4M),2022_mercedesbenz_gle,MPV,46%,36% G,,US,,G,,G,,,,,,
Mercedes-Benz USA,Mercedes-Benz,GLE SUV (GLE63-4M),2022_mercedesbenz_gle,PC,46%,36% G,,US,,G,,G,,,,,,
Mercedes-Benz USA,Mercedes-Benz,GLE SUV (GLE53-4M),2022_mercedesbenz_gle,PC,46%,36% G,,US,,G,,G,,,,,,
Mercedes-Benz USA,Mercedes-Benz,GLE Coupe (GLE53-4M),2022_mercedesbenz_gle,PC,48%,34% G,,US,,G,,G,,,,,,
Mercedes-Benz USA,Mercedes-Benz,GLE Coupe (GLE63S),2022_mercedesbenz_gle,PC,48%,34% G,,US,,G,,G,,,,,,
Mercedes-Benz USA,Mercedes-Benz,G-Class SUV (G550/G63),2022_mercedesbenz_g,MPV,2%,27% G,26% AU,AU,,G,,G,,,,,,
Mercedes-Benz USA,Mercedes-Benz,GLS SUV (GLS450-4M),2022_mercedesbenz_gls,MPV,49%,35% G,,US,,G,,G,,,,,,
Mercedes-Benz USA,Mercedes-Benz,GLS SUV (GLS580-4M),2022_mercedesbenz_gls,MPV,49%,35% G,,US,,G,,G,,,,,,
Mercedes-Benz USA,Mercedes-Benz,GLS SUV (GLS63),2022_mercedesbenz_gls,MPV,49%,35% G,,US,,G,,G,,,,,,
Mercedes-Benz USA,Mercedes-Benz,GLS SUV (GLS600 Maybach),2022_mercedesbenz_gls,MPV,48%,39% G,,US,,G,,G,,,,,,
Mercedes-Benz USA,Mercedes-Benz,AMG GT Coupe (AMG GT/AMG GT S/AMG GT R/ AMG GT C),2022_mercedesbenz_amggt,PC,0%,84% G,,G,,G,,G,,,,,,
Mercedes-Benz USA,Mercedes-Benz,AMG GT Roadster (AMG GT/ AMG GT R/ AMG GT C),2022_mercedesbenz_amggt,PC,0%,80% G,,G,,G,,G,,,,,,
Mercedes-Benz USA,Mercedes-Benz,AMG GT 4-dr Coupe (AMG GT43 / AMG GT53),2022_mercedesbenz_amggt,PC,0%,85% G,,G,,G,,G,,,,,,
Mercedes-Benz USA,Mercedes-Benz,AMG GT 4-dr Coupe (AMG GT63/ AMG GT63S),2022_mercedesbenz_amggt,PC,0%,85% G,,G,,G,,G,,,,,,
Mercedes-Benz USA,Mercedes-Benz,A-Class Sedan (A220/ A220-4M),2022_mercedesbenz_a,PC,4%,46% G,37% MX,MX,,G,,G,,,,,,
Mercedes-Benz USA,Mercedes-Benz,A-Class Sedan (A35),2022_mercedesbenz_a,PC,0%,71% G, ,G,,G,,G,,,,,,
Mercedes-Benz USA,Mercedes-Benz,GLB SUV (GLB250/ GLB250-4M),2022_mercedesbenz_glb,MPV,5%,44% G,40% MX,MX,,G,,G,,,,,,
Mercedes-Benz USA,Sprinter,Metris Cargo,2022_mercedesbenz_sprinter,MPV,21%,47% ESP,20% G,US,,US,,G,,,,,,
Mercedes-Benz USA,Sprinter,Metris Passenger,2022_mercedesbenz_sprinter,MPV,18%,50% ESP,19% G,ESP,,US,,G,,,,,,
,,,,,,,,,,,,,,,,,,
,,,0,,,,,,,,,,,,,,,
Mitsubishi Motors Corporation,Mitsubishi,Eclipse Cross ES 2WD,2022_mitsubishi_eclipsecross,MPV,0%,96% J,,J,,J,,J,,,,,,
Mitsubishi Motors Corporation,Mitsubishi,Eclipse Cross ES 4WD,2022_mitsubishi_eclipsecross,MPV,0%,97% J,,J,,J,,J,,,,,,
Mitsubishi Motors Corporation,Mitsubishi,Eclipse Cross LE 2WD,2022_mitsubishi_eclipsecross,MPV,0%,92% J,,J,,J,,J,,,,,,
Mitsubishi Motors Corporation,Mitsubishi,Eclipse Cross LE 4WD,2022_mitsubishi_eclipsecross,MPV,0%,94% J,,J,,J,,J,,,,,,
Mitsubishi Motors Corporation,Mitsubishi,Eclipse Cross SE 2WD,2022_mitsubishi_eclipsecross,MPV,0%,97% J,,J,,J,,J,,,,,,
Mitsubishi Motors Corporation,Mitsubishi,Eclipse Cross SE 4WD,2022_mitsubishi_eclipsecross,MPV,0%,98% J,,J,,J,,J,,,,,,
Mitsubishi Motors Corporation,Mitsubishi,Eclipse Cross SEL 2WD,2022_mitsubishi_eclipsecross,MPV,1%,97% J,,J,,J,,J,,,,,,
Mitsubishi Motors Corporation,Mitsubishi,Eclipse Cross SEL 4WD,2022_mitsubishi_eclipsecross,MPV,1%,98% J,,J,,J,,J,,,,,,
Mitsubishi Motors Corporation,Mitsubishi,Mirage LE,2022_mitsubishi_mirage,PC,0%,90% TH,,TH,,TH,,TH,,,,,,
Mitsubishi Motors Corporation,Mitsubishi,Mirage ES M/T,2022_mitsubishi_mirage,PC,0%,89% TH,,TH,,TH,,TH,,,,,,
Mitsubishi Motors Corporation,Mitsubishi,Mirage CVT ES,2022_mitsubishi_mirage,PC,0%,89% TH,,TH,,TH,,TH,,,,,,
Mitsubishi Motors Corporation,Mitsubishi,Mirage SE,2022_mitsubishi_mirage,PC,0%,89% TH,,TH,,TH,,TH,,,,,,
Mitsubishi Motors Corporation,Mitsubishi,Mirage BE,2022_mitsubishi_mirage,PC,0%,89% TH,,TH,,TH,,TH,,,,,,
Mitsubishi Motors Corporation,Mitsubishi,Mirage GT,2022_mitsubishi_mirage,PC,,,,,,,,,,,,,,
Mitsubishi Motors Corporation,Mitsubishi,Mirage G4  CVT  ES,2022_mitsubishi_mirage,PC,0%,89% TH,,TH,,TH,,TH,,,,,,
Mitsubishi Motors Corporation,Mitsubishi,Mirage G4  MT  ES,2022_mitsubishi_mirage,PC,0%,89% TH,,TH,,TH,,TH,,,,,,
Mitsubishi Motors Corporation,Mitsubishi,Mirage G4  LE,2022_mitsubishi_mirage,PC,0%,90% TH,,TH,,TH,,TH,,,,,,
Mitsubishi Motors Corporation,Mitsubishi,Mirage G4  SE,2022_mitsubishi_mirage,PC,0%,89% TH,,TH,,TH,,TH,,,,,,
Mitsubishi Motors Corporation,Mitsubishi,Mirage G4  BE,2022_mitsubishi_mirage,PC,0%,89% TH,,TH,,TH,,TH,,,,,,
Mitsubishi Motors Corporation,Mitsubishi,Outlander ES 2WD,2022_mitsubishi_outlander,MPV,3%,90% J,,J,,J,,J,,,,,,
Mitsubishi Motors Corporation,Mitsubishi,Outlander SE 2WD,2022_mitsubishi_outlander,MPV,3%,89% J,,J,,J,,J,,,,,,
Mitsubishi Motors Corporation,Mitsubishi,Outlander SEL 2WD,2022_mitsubishi_outlander,MPV,3%,90% J,,J,,J,,J,,,,,,
Mitsubishi Motors Corporation,Mitsubishi,Outlander ES 4WD,2022_mitsubishi_outlander,MPV,3%,89% J,,J,,J,,J,,,,,,
Mitsubishi Motors Corporation,Mitsubishi,Outlander SE 4WD,2022_mitsubishi_outlander,MPV,3%,88% J,,J,,J,,J,,,,,,
Mitsubishi Motors Corporation,Mitsubishi,Outlander SEL 4WD,2022_mitsubishi_outlander,MPV,3%,89% J,,J,,J,,J,,,,,,
Mitsubishi Motors Corporation,Mitsubishi,Outlander PHEV Fleet,2022_mitsubishi_outlander,MPV,0%,97% J,,J,,J,,J,,,,,,
Mitsubishi Motors Corporation,Mitsubishi,Outlander PHEV SEL,2022_mitsubishi_outlander,MPV,0%,97% J,,J,,J,,J,,,,,,
Mitsubishi Motors Corporation,Mitsubishi,Outlander PHEV LE,2022_mitsubishi_outlander,MPV,0%,97% J,,J,,J,,J,,,,,,
Mitsubishi Motors Corporation,Mitsubishi,Outlander PHEV GT,2022_mitsubishi_outlander,MPV,0%,96% J,,J,,J,,J,,,,,,
Mitsubishi Motors Corporation,Mitsubishi,Outlander Sport ES 2WD,2022_mitsubishi_outlandersport,MPV,0%,97% J,,J,,J,,J,,,,,,
Mitsubishi Motors Corporation,Mitsubishi,Outlander Sport LE 2WD,2022_mitsubishi_outlander,MPV,0%,97% J,,J,,J,,J,,,,,,
Mitsubishi Motors Corporation,Mitsubishi,Outlander Sport 2.0 SE 2WD,2022_mitsubishi_outlander,MPV,0%,97% J,,J,,J,,J,,,,,,
Mitsubishi Motors Corporation,Mitsubishi,Outlander Sport 2.0 SE AWC,2022_mitsubishi_outlander,MPV,0%,96% J,,J,,J,,J,,,,,,
Mitsubishi Motors Corporation,Mitsubishi,Outlander Sport SE Special Edition 2WD,2022_mitsubishi_outlander,MPV,0%,97% J,,J,,J,,J,,,,,,
Mitsubishi Motors Corporation,Mitsubishi,Outlander Sport SE Special Edition AWC,2022_mitsubishi_outlander,MPV,0%,96% J,,J,,J,,J,,,,,,
Mitsubishi Motors Corporation,Mitsubishi,Outlander Sport S 2WD,2022_mitsubishi_outlander,MPV,0%,97% J,,J,,J,,J,,,,,,
Mitsubishi Motors Corporation,Mitsubishi,Outlander Sport ES 4WD,2022_mitsubishi_outlandersport,MPV,0%,97% J,,J,,J,,J,,,,,,
Mitsubishi Motors Corporation,Mitsubishi,Outlander Sport LE 4WD,2022_mitsubishi_outlander,MPV,0%,97% J,,J,,J,,J,,,,,,
Mitsubishi Motors Corporation,Mitsubishi,Outlander Sport 2.0 B&W 2WD,2022_mitsubishi_outlander,MPV,0%,97% J,,J,,J,,J,,,,,,
Mitsubishi Motors Corporation,Mitsubishi,Outlander Sport 2.0 B&W AWC,2022_mitsubishi_outlander,MPV,0%,97% J,,J,,J,,J,,,,,,
Mitsubishi Motors Corporation,Mitsubishi,Outlander Sport 2.4 GT AWC,2022_mitsubishi_outlander,MPV,0%,96% J,,J,,J,,J,,,,,,
Mitsubishi Motors Corporation,Mitsubishi,Outlander Sport 2.4 GT Special Edition AWC,2022_mitsubishi_outlander,MPV,0%,96% J,,J,,J,,J,,,,,,
Mitsubishi Motors Corporation,Mitsubishi,Outlander BE 2WD,2022_mitsubishi_outlander,MPV,0%,96% J,,J,,J,,J,,,,,,
Mitsubishi Motors Corporation,Mitsubishi,Outlander BE 4WD,2022_mitsubishi_outlander,MPV,0%,96% J,,J,,J,,J,,,,,,
"Nissan North America, Inc",Infiniti,Q70 Conv & HEV,2022_infiniti_q70,PC,,,,,,,,,,,,,,
"Nissan North America, Inc",Infiniti,QX30,2022_infiniti_qx30,PC,,,,,,,,,,,,,,
"Nissan North America, Inc",Infiniti,QX50,2022_infiniti_qx50,MPV,10%,55% MX,25% J,MX,,J,,MX,,,,,,
"Nissan North America, Inc",Infiniti,QX55,2022_infiniti_qx55,MPV,10%,60% MX,20% J,MX,,J,,MX,,,,,,
"Nissan North America, Inc",Infiniti,QX 60,2022_infiniti_qx,MPV,45%,,,US,,US,,US,,,,,,
"Nissan North America, Inc",Infiniti,Q50,2022_infiniti_q50,PC,0%,95% J,,J,,J,,J,,,,,,
"Nissan North America, Inc",Infiniti,Q60,2022_infiniti_q60,PC,0%,95% J,,J,,J,,J,,,,,,
"Nissan North America, Inc",Infiniti,QX60 HEV 4CYL ,2022_infiniti_qx60,MPV,,,,,,,,,,,,,,
"Nissan North America, Inc",Infiniti,QX60 HEV  6CYL,2022_infiniti_qx60,MPV,,,,,,,,,,,,,,
"Nissan North America, Inc",Infiniti,QX70   & Q70 L,2022_infiniti_qx70,PC,,,,,,,,,,,,,,
"Nissan North America, Inc",Infiniti,QX80,2022_infiniti_qx80,MPV,5%,95% J,,J,,J,,J,,,,,,
"Nissan North America, Inc",Nissan,370Z Coupe,2022_nissan_370z,PC,0%,95% J,,J,,J,,J,,,,,,
"Nissan North America, Inc",Nissan,370Z Roadster,2022_nissan_370z,PC,5%,60% J,35% G,J,,J,,J,,,,,,
"Nissan North America, Inc",Nissan,Altima 4CYL,2022_nissan_altima,PC,50%,15% MX,,US,,US,,MX,,,,,,
"Nissan North America, Inc",Nissan,Altima 4CYL Turbo,2022_nissan_altima,PC,50%,15% MX,,US,,J,,MX,,,,,,
"Nissan North America, Inc",Nissan,Armada,2022_nissan_armada,MPV,5%,95% J,,J,,J,,J,,,,,,
"Nissan North America, Inc",Nissan,Armada,2022_nissan_armada,MPV,5%,95% J,,J,,J,,J,,,,,,
"Nissan North America, Inc",Nissan,Frontier,2022_nissan_frontier,Truck,40%,25% J,,US,,US,,J,,,,,,
"Nissan North America, Inc",Nissan,GT-R,2022_nissan_gtr,PC,0%,100% J,,J,,J,,J,,,,,,
"Nissan North America, Inc",Nissan,Kicks,2022_nissan_kicks,PC,15%,65% MX,,MX,,MX,,MX,,,,,,
"Nissan North America, Inc",Nissan,Leaf,2022_nissan_leaf,PC,30%,45% J,,US,,J,,J,,,,,,
"Nissan North America, Inc",Nissan,Maxima,2022_nissan_maxima,PC,50%,15% MX,,US,,US,,MX,,,,,,
"Nissan North America, Inc",Nissan,Murano ,2022_nissan_murano,MPV,55%,,,US,,US,,MX,,,,,,
"Nissan North America, Inc",Nissan,Murano HEV - 4CY & 6CYL,2022_nissan_murano,MPV,,,,,,,,,,,,,,
"Nissan North America, Inc",Nissan,NV200  Cargo,2022_nissan_nv200,Truck,20%,60% MX,15% J,MX,,MX,,MX,,,,,,
"Nissan North America, Inc",Nissan,NV200  Taxi NYT,2022_nissan_nv200,MPV,,,,,,,,,,,,,,
"Nissan North America, Inc",Nissan,Pathfinder  ,2022_nissan_pathfinder,MPV,50%,,,US,,US,,MX,,,,,,
"Nissan North America, Inc",Nissan,Pathfinder HEV - 4CYL & 6CYL,2022_nissan_pathfinder,MPV,,,,,,,,,,,,,,
"Nissan North America, Inc",Nissan,Quest,2022_nissan_quest,MPV,,,,,,,,,,,,,,
"Nissan North America, Inc",Nissan,Rogue Sport,2022_nissan_roguesport,MPV,0%,95% J,,J,,J,,MX,,,,,,
"Nissan North America, Inc",Nissan,Rogue,2022_nissan_rogue,MPV,30%,40% J, ,US,,J,,MX,,,,,,
"Nissan North America, Inc",Nissan,Rogue,2022_nissan_rogue,MPV,30%,40% J, ,J,,J,,J,,,,,,
"Nissan North America, Inc",Nissan,Rogue,2022_nissan_rogue,MPV,30%,40% J,,US,,J,,J,,,,,,
"Nissan North America, Inc",Nissan,Sentra,2022_nissan_sentra,PC,15%,60% MX, ,MX,,J,,MX,,,,,,
"Nissan North America, Inc",Nissan,Sentra,2022_nissan_sentra,PC,,,,,,,,,,,,,,
"Nissan North America, Inc",Nissan,Sentra Turbo,2022_nissan_sentra,PC,,,,,,,,,,,,,,
"Nissan North America, Inc",Nissan,Sentra Turbo,2022_nissan_sentra,PC,,,,,,,,,,,,,,
"Nissan North America, Inc",Nissan,Titan,2022_nissan_titan,Truck,50%,20% J,,US,,US,,J,,,,,,
"Nissan North America, Inc",Nissan,Versa Note,2022_nissan_versa,PC,,,,,,,,,,,,,,
"Nissan North America, Inc",Nissan,Versa Sedan,2022_nissan_versa,PC,20%,65% MX,,MX,,MX,,MX,,,,,,
"Nissan North America, Inc",Nissan,Versa Sedan,2022_nissan_versa,PC,20%,65% MX,,MX,,MX,,ESP,,,,,,
"Nissan North America, Inc",Nissan,Versa Sedan,2022_nissan_versa,PC,,,,,,,,,,,,,,
Polestar,Polestar,PS1 Aut (8vxl) FWD + ERAD,2022_polestar_1,PC,1%,40% CH,20% SE,CH,,SE,,JP,,,,,,
Polestar,Polestar,PS2 (Polestar 2) Single Motor,2022_polestar_2,PC,1%,95% CH,5% TH,CH,,CH,,CH,,,,,,
Polestar,Polestar,PS2 (Polestar 2) Dual Motor,2022_polestar_2,PC,1%,95% CH,5% TH,CH,,CH,,CH,,,,,,
Porsche AG,Porsche,Macan,2022_porsche_macan,MPV,0%,57% Germany,,"Leipzig,
Germany",,H,,G ,,,,,,
Porsche AG,Porsche,Macan S,2022_porsche_macan,MPV,0%,65% Germany,15% Hungary,"Leipzig,
Germanv",,H,,G ,,,,,,
Porsche AG,Porsche,Macan GTS,2022_porsche_macan,MPV,0%,66% Germany, ,"Leipzig,
Germanv",,H,,G ,,,,,,
Porsche AG,Porsche,Macan Turbo,2022_porsche_macan,MPV,0%,68% Germany, ,"Leipzig,
Germanv",,H,,G ,,,,,,
Porsche AG,Porsche,Cayenne Coupe,2022_porsche_cayenne,MPV,0%,31% Germany,29% Slovakia,"Bratislava,
Slovakia",,H,,G ,,,,,,
Porsche AG,Porsche,Cayenne S Coupe,2022_porsche_cayenne,MPV,0%,35% Germany,25% Slovakia,"Bratislava,
Slovakia",,H,,G ,,,,,,
Porsche AG,Porsche,Cayenne S,2022_porsche_cayenne,MPV,0%,35% Germany,27% Slovakia,"Bratislava,
Slovakia",,H,,G ,,,,,,
Porsche AG,Porsche,Cayenne,2022_porsche_cayenne,MPV,0%,34% Germany,25% Slovakia,"Bratislava,
Slovakia",,H,,G ,,,,,,
Porsche AG,Porsche,Cayenne GTS Coupe,2022_porsche_cayenne,MPV,0%,53% Germany,21% Slovakia,"Bratislava,
Slovakia",,H,,G ,,,,,,
Porsche AG,Porsche,Cayenne GTS,2022_porsche_cayenne,MPV,0%,54% Germany,22% Slovakia,"Bratislava,
Slovakia",,H,,G ,,,,,,
Porsche AG,Porsche,Cayenne Turbo,2022_porsche_cayenne,MPV,1%,51% Germany,25% Slovakia,"Bratislava,
Slovakia",,G,,G ,,,,,,
Porsche AG,Porsche,Cayenne Coupe Turbo,2022_porsche_cayenne,MPV,1%,50% Germany,22% Slovakia,"Bratislava,
Slovakia",,G,,G ,,,,,,
Porsche AG,Porsche,Cayenne E-Hybrid,2022_porsche_cayennehybrid,MPV,0%,37% Germany,24% Slovakia,"Bratislava,
Slovakia",,H,,G ,,,,,,
Porsche AG,Porsche,718 Cayman,2022_porsche_cayman,PC,0%,73% Germany,,"Stuttgart,
Germany",,G,,G ,,,,,,
Porsche AG,Porsche,718 Cayman,2022_porsche_cayman,PC,0%,73% Germany,,"Osnabrueck, Germany",,G,,G ,,,,,,
Porsche AG,Porsche,718 Cayman S,2022_porsche_cayman,PC,0%,73% Germany,,"Stuttgart,
Germany",,G,,G ,,,,,,
Porsche AG,Porsche,718 Cayman S,2022_porsche_cayman,PC,0%,73% Germany,,"Osnabrueck, Germany",,G,,G ,,,,,,
Porsche AG,Porsche,718 Cayman T,2022_porsche_cayman,PC,0%,74% Germany,,"Stuttgart,
Germany",,G,,G ,,,,,,
Porsche AG,Porsche,718 Cayman T,2022_porsche_cayman,PC,0%,74% Germany,,"Osnabrueck, Germany",,G,,G ,,,,,,
Porsche AG,Porsche,718 Boxster,2022_porsche_boxster,PC,0%,75% Germany,,"Stuttgart,
Germany",,G,,G ,,,,,,
Porsche AG,Porsche,718 Boxster,2022_porsche_boxster,PC,0%,75% Germany,,"Osnabrueck, Germany",,G,,G ,,,,,,
Porsche AG,Porsche,718 Boxster S,2022_porsche_boxster,PC,0%,74% Germany,,"Stuttgart,
Germany",,G,,G ,,,,,,
Porsche AG,Porsche,718 Boxster S,2022_porsche_boxster,PC,0%,74% Germany,,"Osnabrueck, Germany",,G,,G ,,,,,,
Porsche AG,Porsche,718 Boxster T,2022_porsche_boxster,PC,0%,77% Germany,,"Stuttgart,
Germany",,G,,G ,,,,,,
Porsche AG,Porsche,718 Boxster T,2022_porsche_boxster,PC,0%,77% Germany,,"Osnabrueck, Germany",,G,,G ,,,,,,
Porsche AG,Porsche,718 Spyder,2022_porsche_spyder,PC,0%,78% Germany,,"Stuttgart,
Germany",,G,,G ,,,,,,
Porsche AG,Porsche,718 Spyder,2022_porsche_spyder,PC,0%,78% Germany,,"Osnabrueck, Germany",,G,,G ,,,,,,
Porsche AG,Porsche,718 Cayman GT4,2022_porsche_cayman,PC,0%,74% Germany,,"Stuttgart,
Germany",,G,,G ,,,,,,
Porsche AG,Porsche,718 Cayman GT4,2022_porsche_cayman,PC,0%,74% Germany,,"Osnabrueck, Germany",,G,,G ,,,,,,
Porsche AG,Porsche,718 Cayman GTS 4.0 (Man),2022_porsche_cayman,PC,0%,72% Germany,,"Stuttgart,
Germany",,G,,G ,,,,,,
Porsche AG,Porsche,718 Cayman GTS 4.0 (Man),2022_porsche_cayman,PC,0%,72% Germany,,"Osnabrueck, Germany",,G,,G ,,,,,,
Porsche AG,Porsche,718 Boxster GTS 4.0 (Man),2022_porsche_boxster,PC,0%,74% Germany,,"Stuttgart,
Germany",,G,,G ,,,,,,
Porsche AG,Porsche,718 Boxster GTS 4.0 (Man),2022_porsche_boxster,PC,0%,74% Germany,,"Osnabrueck, Germany",,G,,G ,,,,,,
Porsche AG,Porsche,718 Cayman GTS 4.0 (auto),2022_porsche_cayman,PC,0%,73% Germany,,"Stuttgart,
Germany",,G,,G ,,,,,,
Porsche AG,Porsche,718 Cayman GTS 4.0 (auto),2022_porsche_cayman,PC,0%,73% Germany,,"Osnabrueck, Germany",,G,,G ,,,,,,
Porsche AG,Porsche,718 Boxster GTS 4.0 (auto),2022_porsche_boxster,PC,0%,75% Germany,,"Stuttgart,
Germany",,G,,G ,,,,,,
Porsche AG,Porsche,718 Boxster GTS 4.0 (auto),2022_porsche_boxster,PC,0%,75% Germany,,"Osnabrueck, Germany",,G,,G ,,,,,,
Porsche AG,Porsche,911 Carrera,2022_porsche_911,PC,0%,76% Germany,,"Stuttgart,
Germany",,G,,G ,,,,,,
Porsche AG,Porsche,911 Carrera Cabriolet,2022_porsche_911,PC,0%,76% Germany,,"Stuttgart,
Germany",,G,,G ,,,,,,
Porsche AG,Porsche,911 Carrera 4,2022_porsche_911,PC,0%,76% Germany,,"Stuttgart,
Germany",,G,,G ,,,,,,
Porsche AG,Porsche,911 Carrera 4 Cabriolet,2022_porsche_911,PC,0%,77% Germany,,"Stuttgart,
Germany",,G,,G ,,,,,,
Porsche AG,Porsche,911 Carrera S,2022_porsche_911,PC,0%,73%Germany,,"Stuttgart,
Germany",,G,,G ,,,,,,
Porsche AG,Porsche,911 Carrera S Cabriolet,2022_porsche_911,PC,0%,74% Germany,,"Stuttgart,
Germany",,G,,G ,,,,,,
Porsche AG,Porsche,911 Carrera 4S,2022_porsche_911,PC,0%,74% Germany,,"Stuttgart,
Germany",,G,,G ,,,,,,
Porsche AG,Porsche,911 Carrera 4S Cabriolet,2022_porsche_911,PC,0%,75% Germany,,"Stuttgart,
Germanv",,G,,G ,,,,,,
Porsche AG,Porsche,911 Targa 4,2022_porsche_911,PC,0%,73% Germany,,"Stuttgart,
Germanv",,G,,G ,,,,,,
Porsche AG,Porsche,911 Targa 4S,2022_porsche_911,PC,0%,73% Germany,,"Stuttgart,
Germanv",,G,,G ,,,,,,
Porsche AG,Porsche,911 Turbo,2022_porsche_911,PC,0%,72% Germany,,"Stuttgart,
Germanv",,G,,G ,,,,,,
Porsche AG,Porsche,911 Turbo S  ,2022_porsche_911,PC,0%,75% Germany,,"Stuttgart,
Germanv",,G,,G ,,,,,,
Porsche AG,Porsche,911 Turbo Cabriolet,2022_porsche_911,PC,0%,73% Germany,,"Stuttgart,
Germanv",,G,,G ,,,,,,
Porsche AG,Porsche,911 Turbo S Cabriolet,2022_porsche_911,PC,0%,74% Germany,,"Stuttgart,
Germanv",,G,,G ,,,,,,
Porsche AG,Porsche,Taycan 4S,2022_porsche_taycan,PC,0%,51% Germany,23% Poland,"Stuttgart,
Germanv",,G,,G ,,,,,,
Porsche AG,Porsche,Taycan 4S w Perf Pack,2022_porsche_taycan,PC,0%,50% Germany,26% Poland,"Stuttgart,
Germanv",,G,,G ,,,,,,
Porsche AG,Porsche,Taycan Turbo,2022_porsche_taycan,PC,0%,54% Germany,23% Poland,"Stuttgart,
Germanv",,G,,G ,,,,,,
Porsche AG,Porsche,Taycan Turbo S,2022_porsche_taycan,PC,0%,56% Germany,20% Poland,"Stuttgart,
Germanv",,G,,G ,,,,,,
Porsche AG,Porsche,Panamera 4 E-Hybrid,2022_porsche_panamerahybrid,PC,0%,57%Germany,,"Leipzig,
Germanv",,H,,G ,,,,,,
Porsche AG,Porsche,Panamera 4S,2022_porsche_panamera,PC,0%,60%Germany,,"Leipzig,
Germany",,H,,G ,,,,,,
Porsche AG,Porsche,Panamera GTS,2022_porsche_panamera,PC,0%,69% Germany,,"Leipzig,
Germany",,G,,G ,,,,,,
Porsche AG,Porsche,Panamera Turbo,2022_porsche_panamera,PC,0%,67% Germany,,"Leipzig,
Germany",,G,,G ,,,,,,
Porsche AG,Porsche,Panamera Turbo S E-Hybrid,2022_porsche_panamerahybrid,PC,0%,63% Germany,,"Leipzig,
Germany",,G,,G ,,,,,,
Porsche AG,Porsche,"Panamera Turbo S E-Hybrid
Executive",2022_porsche_panamerahybrid,PC,0%,62% Germany,,"Leipzig,
Germanv",,G,,G ,,,,,,
Porsche AG,Porsche,Panamera 4 Sport Turismo,2022_porsche_panamera,PC,0%,61% Germany,,"Leipzig,
Germany",,H,,G ,,,,,,
Porsche AG,Porsche,"Panamera 4 E-Hybrid Sport
Tourismo",2022_porsche_panamerahybrid,PC,0%,56% Germany,,"Leipzig,
Germany",,H,,G ,,,,,,
Porsche AG,Porsche,Panamera 4S Sport Turismo,2022_porsche_panamera,PC,0%,61% Germany,,"Leipzig,
Germany",,H,,G ,,,,,,
Porsche AG,Porsche,Panamera GTS Sport Turismo,2022_porsche_panamera,PC,0%,68% Germany,,"Leipzig,
Germanv",,G,,G ,,,,,,
Subaru,Subaru,Ascent,2022_subaru_ascent,MPV,50%,30% J,,US,,J,,J,,,,,,
Subaru,Subaru,BRZ,2022_subaru_brz,PC,0%,90% J,,J,,J,,J,,,,,,
Subaru,Subaru,Forester,2022_subaru_forester,MPV,5%,80% J,,J,,J,,J,,,,,,
Subaru,Subaru,Crosstrek,2022_subaru_crosstrek,MPV,5%,85% J,,J,,J,,J,,,,,,
Subaru,Subaru,Crosstrek Hybrid,2022_subaru_crosstrekhybrid,MPV,0%,90% J,,J,,J,,J,,,,,,
Subaru,Subaru,Impreza,2022_subaru_impreza,PC,50%,35% J,,US,,J,,J,,,,,,
Subaru,Subaru,Impreza 5 dr,2022_subaru_impreza,PC,50%,35% J,,US,,J,,J,,,,,,
Subaru,Subaru,Legacy,2022_subaru_legacy,PC,50%,35% J,,US,,J,,J,,,,,,
Subaru,Subaru,Outback,2022_subaru_outback,MPV,50%,35% J,,US,,J,,J,,,,,,
Subaru,Toyota,GR86,2022_toyota_gr86,PC,0%,90% J,,J,,J,,J,,,,,,
Subaru,Subaru,WRX,2022_subaru_wrx,PC,0%,85% J,,J,,J,,J,,,,,,
Subaru,Subaru,STI S209,2022_subaru_sti,PC,0%,95% J,,J,,J,,J,,,,,,
Tesla Inc.,Tesla,Model S,2022_tesla_models,PC,55%,20% MX,,"Fremont, CA",,USA,,USA ,,,,,,
Tesla Inc.,Tesla,Model X,2022_tesla_modelx,MPV,55%,20% MX,,"Fremont, CA",,USA,,USA ,,,,,,
Tesla Inc.,Tesla,Model 3 RWD,2022_tesla_model3,PC,35%,20% MX,,"Fremont, CA",,USA,,USA ,,,,,,
Tesla Inc.,Tesla,Model 3 Long Range   ,2022_tesla_model3,PC,65%,20% MX,,"Fremont, CA",,USA,,USA ,,,,,,
Tesla Inc.,Tesla,Model 3 Performance,2022_tesla_model3,PC,60%,20% MX,,"Fremont, CA",,USA,,USA ,,,,,,
Tesla Inc.,Tesla,Model Y,2022_tesla_modely,MPV,60%,20% MX,,"Fremont, CA",,USA,,USA ,,,,,,
Toyota,Toyota,GR86,2022_toyota_gr86,PC,0%,90% J,,J,,J,,J,,,,,,
Toyota,Lexus,CT200h,2022_lexus_cthybrid,PC,,,,,,,,,,,,,,
Toyota,Lexus,GX460,2022_lexus_gx,MPV,0%,100% J,,J,,J,,J,,,,,,
Toyota,Lexus,ES 250/350,2022_lexus_es,PC,55%,35% J,,US,,US,J,US,,,,,,
Toyota,Lexus,ES 300h,2022_lexus_eshybrid,PC,50%,40% J,,US,,US,,J,,,,,,
Toyota,Lexus,GS350,2022_lexus_gs,PC,0%,100% J,,,,,,,,,,,,
Toyota,Lexus,GS300,2022_lexus_gs300,PC,,,,,,,,,,,,,,
Toyota,Lexus,GS 450 h,2022_lexus_gs,PC,,,,,,,,,,,,,,
Toyota,Lexus,GS F,2022_lexus_gs,PC,0%,100% J,,,,,,,,,,,,
Toyota,Lexus,IS300 / 350,2022_lexus_is,PC,0%,100% J,,J,,J,,J,,,,,,
Toyota,Lexus,LC 500,2022_lexus_lc,PC,0%,100% J,,J,,J,,J,,,,,,
Toyota,Lexus,LC Convertible,2022_lexus_lc,PC,0%,100% J,,J,,J,,J,,,,,,
Toyota,Lexus,LC 500h,2022_lexus_lchybrid,PC,0%,100% J,,J,,J,,J,,,,,,
Toyota,Lexus,LS 500,2022_lexus_ls,PC,0%,100% J,,J,,J,,J,,,,,,
Toyota,Lexus,LS 500h,2022_lexus_lshybrid,PC,0%,100% J,,J,,J,,J,,,,,,
Toyota,Lexus,LX600,2022_lexus_lx,PC,0%,100% J,,J,,J,,J,,,,,,
Toyota,Lexus,NX,2022_lexus_nx,MPV,25%,55% J,,J,CAN ,J,US,J,,,,,,
Toyota,Lexus,NX Hybrid,2022_lexus_nxhybrid,MPV,30%,55% J,,J,CAN ,J,US,J,US,,,,,
Toyota,Lexus,NX PHV,2022_lexus_nx,MPV,0%,100% J,,J,,J,,J,,,,,,
Toyota,Lexus,UX,2022_lexus_ux,MPV,0%,100% J,,J,,J,,J,,,,,,
Toyota,Lexus,UX Hybrid,2022_lexus_uxhybrid,MPV,0%,100% J,,J,,J,,J,,,,,,
Toyota,Lexus,RX350,2022_lexus_rx,MPV,55%,25% J,,CAN,J,US,J,US,J,,,,,
Toyota,Lexus,RX L,2022_lexus_rx,MPV,0%,100% J,,J,,J,,J,,,,,,
Toyota,Lexus,RX450h,2022_lexus_rxhybrid,MPV,35%,45% J,,CAN,,J,,J,,,,,,
Toyota,Lexus,RXh L,2022_lexus_rxhybrid,MPV,0%,100% J,,J,,J,,J,,,,,,
Toyota,Lexus,RC,2022_lexus_rc,PC,0%,100% J,,J,,J,,J,,,,,,
Toyota,Lexus,RC F,2022_lexus_rcf,PC,0%,100% J,,J,,J,,J,,,,,,
Toyota,Toyota,Mirai,2022_toyota_mirai,PC,0%,100% J,,J,,J,,J,,,,,,
Toyota,Toyota,4Runner,2022_toyota_4runner,MPV,0%,100% J,,J,,J,,J,,,,,,
Toyota,Toyota,Avalon,2022_toyota_avalon,PC,55%,15% J,,US,,US,,US, ,,,,,
Toyota,Toyota,Avalon Hybrid,2022_toyota_avalonhybrid,PC,55%,15% J,,US,,US,,J,,,,,,
Toyota,Toyota,Camry,2022_toyota_camry,PC,60%,15% J,,US,,J,US,J,US,,,,,
Toyota,Toyota,C-HR,2022_toyota_chr,PC,0%,60% J,20% T,J,T,J,,J,,,,,,
Toyota,Toyota,Camry Hybrid,2022_toyota_camryhybrid,PC,45%,30% J,,US,,US,,J,,,,,,
Toyota,Toyota,Corolla  HB,2022_toyota_corollahybrid,PC,0%,100% J,,J,,J,,J,,,,,,
Toyota,Toyota,Corolla  ,2022_toyota_corolla,PC,30%,60% J,,US, ,US,J,J,,,,,,
Toyota,Toyota,Corolla Cross,2022_toyota_corollacross,MPV,40%,25% J,,US, ,US, ,J,,,,,,
Toyota,Toyota,Corolla  Hybrid,2022_toyota_corolla,PC,0%,100% J,,J,,J,,J,,,,,,
Toyota,Toyota,Highlander,2022_toyota_highlander,MPV,50%,15% J,,US,,US,,J, ,,,,,
Toyota,Toyota,Highlander Hybrid,2022_toyota_highlanderhybrid,MPV,40%,30% J,,US,,US,J,J,,,,,,
Toyota,Toyota,Land Cruiser,2022_toyota_landcruiser,MPV,0%,100% J,,J,J,J,,J,,,,,,
Toyota,Toyota,Prius ,2022_toyota_prius,PC,0%,100% J,,J,,J,,J,,,,,,
Toyota,Toyota,Prius V,2022_toyota_prius,PC,,,,,,,,,,,,,,
Toyota,Toyota,Prius C,2022_toyota_prius,PC,,,,,,,,,,,,,,
Toyota,Toyota,Prius Plug In Hybrid,2022_toyota_prius,PC,,,,,,,,,,,,,,
Toyota,Toyota,Prius Prime,2022_toyota_priusprime,PC,0%,100% J,,J,,J,,J,,,,,,
Toyota,Toyota,Rav4,2022_toyota_rav4,PC,65%,10% J,,CN,J,US,J,US,J,,,,,
Toyota,Toyota,Rav4 Hybrid,2022_toyota_rav4hybrid,PC,35%,55% J,,CN,US    J,US, ,J,,,,,,
Toyota,Toyota,Rav4 Prime,2022_toyota_rav4prime,PC,0%,100% J,,J,,J,,J,,,,,,
Toyota,Toyota,Sequoia,2022_toyota_sequoia,MPV,55%,25% J,,US,,US,,US,,,,,,
Toyota,Toyota,Sienna,2022_toyota_sienna,MPV,65%,25% J,,US,,US,,J,,,,,,
Toyota,Toyota,Sienna Hybrid,2022_toyota_sienna,MPV,55%,25% J,,US,,US,,J,,,,,,
Toyota,Toyota,Tacoma,2022_toyota_tacoma,Truck,50%,15% J,,US,MX,US,J,US,TH,,,,,
Toyota,Toyota,Tundra,2022_toyota_tundra,Truck,50%,15% J,,US,,US,,US,,,,,,
Toyota,Toyota,Tundra Hybrid,2022_toyota_tundrahybrid,Truck,65%,15% J,,US,,US,,US,,,,,,
Toyota,Toyota,Venza Hybrid,2022_toyota_venza,PC,0%,100% J,,J,,J,,J,,,,,,
Toyota,Toyota,Yaris,2022_toyota_yaris,PC,,,,,,,,,,,,,,
Volkswagen,Volkswagen,Arteon FWD,2022_volkswagen_arteon,PC,1%,56% G ,,G,,H,,G,,,,,,
Volkswagen,Volkswagen,Arteon AWD,2022_volkswagen_arteon,PC,1%,56% G ,,G,,H,,G,,,,,,
Volkswagen,Volkswagen,Atlas 2.0 (FWD),2022_volkswagen_atlas,MPV,48%,37% M,,USA,,M (2.0L),,JP,,,,,,
Volkswagen,Volkswagen,Atlas 2.0 (AWD),2022_volkswagen_atlas,MPV,47%,35% M, ,USA,,M (2.0L),,JP,,,,,,
Volkswagen,Volkswagen,Atlas 3.6 (FWD),2022_volkswagen_atlas,MPV,47%,22% M,17% G,USA,,G (3.6L),,JP,,,,,,
Volkswagen,Volkswagen,Atlas 3.6 (AWD),2022_volkswagen_atlas,MPV,46%,22% M,16% G,USA,,G (3.6L),,JP,,,,,,
Volkswagen,Volkswagen,Atlas Cross Sport 2.0 (FWD),2022_volkswagen_atlascrosssport,MPV,46%,39% M, ,USA,,M (2.0L),,JP,,,,,,
Volkswagen,Volkswagen,Atlas Cross Sport 2.0 (AWD),2022_volkswagen_atlascrosssport,MPV,44%,36% M, ,USA,,M (2.0L),,JP,,,,,,
Volkswagen,Volkswagen,Atlas Cross Sport 3.6 (FWD),2022_volkswagen_atlascrosssport,MPV,45%,23% M,17% G,USA,,G (3.6L),,JP,,,,,,
Volkswagen,Volkswagen,Atlas Cross Sport 3.6 (AWD),2022_volkswagen_atlascrosssport,MPV,44%,24% M,16% G,USA,,G (3.6L),,JP,,,,,,
Volkswagen,Volkswagen,Golf R (manual),2022_volkswagen_golfr,PC,1%,30% G,21% H,G,,H,,G,,,,,,
Volkswagen,Volkswagen,Golf R (automatic),2022_volkswagen_golfr,PC,1%,28% G,21% H,G,,H,,G,,,,,,
Volkswagen,Volkswagen,Golf GTI (manual),2022_volkswagen_golfr,PC,1%,35% G ,22% H,G,,H, ,G,,,,,,
Volkswagen,Volkswagen,Golf GTI (automatic),2022_volkswagen_golfr,PC,1%,37% G ,21% H,G,,H, ,G,,,,,,
Volkswagen,Volkswagen,ID.4 1st Edition/Pro S (RWD),2022_volkswagen_id4,MPV,1%,46% CH,39% G,G,,G  ,,G,,,,,,
Volkswagen,Volkswagen,ID.4 Pro (RWD),2022_volkswagen_id4,MPV,1%,46% CH,38% G,G,,G  ,,G,,,,,,
Volkswagen,Volkswagen,ID.4 RWD,2022_volkswagen_id4,MPV,0%,84% G, ,G,,G  ,,G,,,,,,
Volkswagen,Volkswagen,ID.4 AWD,2022_volkswagen_id4,MPV,0%,90% G, ,G,,G  ,,G,,,,,,
Volkswagen,Volkswagen,Jetta (manual),2022_volkswagen_jetta,PC,4%,34% M, ,M,,M,,JP,,,,,,
Volkswagen,Volkswagen,Jetta (automatic),2022_volkswagen_jetta,PC,4%,35% M, ,M,,M,,JP,,,,,,
Volkswagen,Volkswagen,Jetta GLI (manual),2022_volkswagen_jetta,PC,4%,32% M,16% G,M,,M,,G,,,,,,
Volkswagen,Volkswagen,Jetta GLI (automatic),2022_volkswagen_jetta,PC,4%,32% M,22% G,M,,M,,G,,,,,,
Volkswagen,Volkswagen,Passat,2022_volkswagen_passat,PC,28%,44% M, ,USA,,M,,JP,,,,,,
Volkswagen,Volkswagen,Taos (FWD),2022_volkswagen_taos,MPV,3%,32% M,,M,,M,,JP,,,,,,
Volkswagen,Volkswagen,Taos (AWD),2022_volkswagen_taos,MPV,4%,37% M,16% G,M,,M,,G,,,,,,
Volkswagen,Volkswagen,Tiguan (FWD),2022_volkswagen_tiguan,MPV,5%,35% M,,M,,M,,JP,,,,,,
Volkswagen,Volkswagen,Tiguan (AWD),2022_volkswagen_tiguan,MPV,4%,32% M,,M,,M,,JP,,,,,,
Volvo,Volvo,S60 B5 FWD Momentum,2022_volvo_s60,PC,35%,20% SE,10% MX,USA, ,SE, ,JP,,,,,,
Volvo,Volvo,S60 B5 FWD R-Design,2022_volvo_s60,PC,35%,15% SE,10% MX,USA, ,SE, ,JP,,,,,,
Volvo,Volvo,S60 B5 FWD Inscription,2022_volvo_s60,PC,35%,15% SE,10% MX,USA, ,SE, ,JP,,,,,,
Volvo,Volvo,S60 B5 AWD Momentum,2022_volvo_s60,PC,30%,20% SE,10% MX,USA, ,SE, ,JP,,,,,,
Volvo,Volvo,S60 B5 AWD R-Design,2022_volvo_s60,PC,30%,20% SE,10% MX,USA, ,SE, ,JP,,,,,,
Volvo,Volvo,S60 B5 AWD Inscription,2022_volvo_s60,PC,30%,15% SE,10% MX,USA, ,SE, ,JP,,,,,,
Volvo,Volvo,S60 Recharge T8 eAWD R-Design Expression,2022_volvo_s60hybrid,PC,25%,15% SE,15% K,USA, ,SE, ,JP,,,,,,
Volvo,Volvo,S60 Recharge T8 eAWD R-Design,2022_volvo_s60hybrid,PC,25%,15% SE,15% K,USA, ,SE, ,JP,,,,,,
Volvo,Volvo,S60 Recharge T8 eAWD Inscription,2022_volvo_s60hybrid,PC,25%,15% SE,15% K,USA, ,SE, ,JP,,,,,,
Volvo,Volvo,S60 Polestar Engineered,2022_volvo_s60hybrid,PC,25%,15% SE,10% K ,USA, ,SE, ,JP,,,,,,
Volvo,Volvo,V60 T8 eAWD Polestar Engineered,2022_volvo_v60hybrid,PC,1%,30% SE,20% PL,SE, ,SE, ,JP,,,,,,
Volvo,Volvo,S90 B6 AWD Momentum,2022_volvo_s90,PC,1%,75% CH,10% J,CH, ,SE, ,JP,,,,,,
Volvo,Volvo,S90 B6 AWD R-Design,2022_volvo_s90,PC,1%,75% CH,10% J,CH, ,SE, ,JP,,,,,,
Volvo,Volvo,S90 B6 AWD Inscription,2022_volvo_s90,PC,1%,75% CH,10% SE,CH, ,SE, ,JP,,,,,,
Volvo,Volvo,S90 Recharge R-Design,2022_volvo_s90hybrid,PC,1%,45% CH,15% K,CH, ,SE, ,JP,,,,,,
Volvo,Volvo,S90 Recharge R-Design,2022_volvo_s90hybrid,PC,1%,45% CH,15% K,CH, ,SE, ,JP,,,,,,
Volvo,Volvo,V90 Aut (8vxl) FWD (T5 FWD),2022_volvo_v90,PC,1%,30% SE,10% G,SE, ,SE, ,JP,,,,,,
Volvo,Volvo,V90 Aut (8vxl) AWD (T6 AWD),2022_volvo_v90,PC,1%,35% SE,10% G,SE, ,SE, ,JP,,,,,,
Volvo,Volvo,V60 Cross Country T5 AWD,2022_volvo_v60crosscountry,MPV,1%,40% SE,10% PL,SE, ,SE, ,JP,,,,,,
Volvo,Volvo,V90 Cross Country B6 AWD,2022_volvo_v90crosscountry,MPV,1%,45% SE,10% CZ,SE, ,SE, ,JP,,,,,,
Volvo,Volvo,XC40 T4 FWD Momentum,2022_volvo_xc40,MPV,1%,20% SE,20% BE,BE, ,SE, ,JP,,,,,,
Volvo,Volvo,XC40 T4 FWD R-Design,2022_volvo_xc40,MPV,1%,20% BE,20% SE,BE, ,SE, ,JP,,,,,,
Volvo,Volvo,XC40 T4 FWD Inscription,2022_volvo_xc40,MPV,1%,20% BE,20% SE,BE, ,SE, ,JP,,,,,,
Volvo,Volvo,XC40 T5 AWD Momentum,2022_volvo_xc40,MPV,1%,25% SE,25% BE,BE, ,SE, ,JP,,,,,,
Volvo,Volvo,XC40 T5 AWD R-Design,2022_volvo_xc40,MPV,1%,25% SE,25% BE,BE, ,SE, ,JP,,,,,,
Volvo,Volvo,XC40 T5 AWD Inscription,2022_volvo_xc40,MPV,1%,25% SE,25% BE,BE, ,SE, ,JP,,,,,,
Volvo,Volvo,XC40 Recharge Twin - Level 2,2022_volvo_xc40hybrid,MPV,1%,40% PL,25% CH,BE, ,CH, ,CH,,,,,,
Volvo,Volvo,XC40 Recharge Twin - Level 3,2022_volvo_xc40hybrid,MPV,1%,30% CH,10% BE,BE, ,CH, ,CH,,,,,,
Volvo,Volvo,XC60 B5 FWD Momentum,2022_volvo_xc60,MPV,1%,40% SE,10% BE,SE, ,SE, ,JP,,,,,,
Volvo,Volvo,XC60 B5 AWD Momentum,2022_volvo_xc60,MPV,1%,40% SE,10% BE,SE, ,SE, ,JP,,,,,,
Volvo,Volvo,XC60 B5 FWD R-Design,2022_volvo_xc60,MPV,1%,40% SE,10% CH,SE, ,SE, ,JP,,,,,,
Volvo,Volvo,XC60 B5 AWD R-Design,2022_volvo_xc60,MPV,1%,45% SE,10% BE,SE, ,SE, ,JP,,,,,,
Volvo,Volvo,XC60 B5 FWD Inscription,2022_volvo_xc60,MPV,1%,40% SE,10% BE,SE, ,SE, ,JP,,,,,,
Volvo,Volvo,XC60 B5 AWD Inscription,2022_volvo_xc60,MPV,1%,40% SE,10% BE,SE, ,SE, ,JP,,,,,,
Volvo,Volvo,XC60 B6 AWD R-Design,2022_volvo_xc60,MPV,1%,40% SE,10% CZ,SE, ,SE, ,JP,,,,,,
Volvo,Volvo,XC60 B6 AWD Inscription,2022_volvo_xc60,MPV,1%,40% SE,10% CZ,SE, ,SE, ,JP,,,,,,
Volvo,Volvo,XC60 Recharge eAWD Inscription Expression,2022_volvo_xc60hybrid,MPV,1%,30% SE,20% PL,SE, ,SE, ,JP,,,,,,
Volvo,Volvo,XC60 Recharge eAWD R-Design,2022_volvo_xc60hybrid,MPV,1%,30% SE,20% PL,SE, ,SE, ,JP,,,,,,
Volvo,Volvo,XC60 Recharge eAWD Inscription,2022_volvo_xc60hybrid,MPV,1%,30% SE,20% PL,SE, ,SE, ,JP,,,,,,
Volvo,Volvo,XC60 Polestar Engineered,2022_volvo_xc60,MPV,5%,30% SE,20% PL,SE, ,SE, ,JP,,,,,,
Volvo,Volvo,XC90 T5 FWD Momentum,2022_volvo_xc90,MPV,1%,50% SE,10% BE,SE, ,SE, ,JP,,,,,,
Volvo,Volvo,XC90 T5 AWD Momentum,2022_volvo_xc90,MPV,1%,50% SE,10% BE,SE, ,SE, ,JP,,,,,,
Volvo,Volvo,XC90 T6 AWD Momentum,2022_volvo_xc90,MPV,1%,50% SE,10% CZ,SE, ,SE, ,JP,,,,,,
Volvo,Volvo,XC90 T6 AWD Inscription,2022_volvo_xc90,MPV,1%,50% SE,10% CZ,SE, ,SE, ,JP,,,,,,
Volvo,Volvo,XC90 T6 AWD Momentum 6-Seater,2022_volvo_xc90,MPV,1%,50% SE,10% CZ,SE, ,SE, ,JP,,,,,,
Volvo,Volvo,XC90 T6 AWD Inscription 6-Seater,2022_volvo_xc90,MPV,1%,50% SE,10% CZ,SE, ,SE, ,JP,,,,,,
Volvo,Volvo,XC90 Recharge T8 eAWD Inscription Expression,2022_volvo_xc90hybrid,MPV,1%,35% SE,20% PL,SE, ,SE, ,JP,,,,,,
Volvo,Volvo,XC90 Recharge T8 eAWD Inscription,2022_volvo_xc90hybrid,MPV,1%,35% SE,20% PL,SE, ,SE, ,JP,,,,,,
Volvo,Volvo,XC90 Recharge T8 eAWD R-Design,2022_volvo_xc90hybrid,MPV,1%,35% SE,20% PL,SE, ,SE, ,JP,,,,,,
Volvo,Volvo,XC90 Recharge T8 eAWD Inscription Expression 6-Seater,2022_volvo_xc90hybrid,MPV,1%,35% SE,20% PL,SE, ,SE, ,JP,,,,,,
Volvo,Volvo,XC90 Recharge T8 eAWD Inscription 6-Seater,2022_volvo_xc90hybrid,MPV,1%,35% SE,20% PL,SE, ,SE, ,JP,,,,,,
,,,,,,,,,,,,,,,,,,
,,,,,,,,,,,,,,,,,,
,,,,,,,,,,,,,,,,,,
,,,,,,,,,,,,,,,,,,
,,,,,,,,,,,,,,,,,,
,,,,,,,,,,,,,,,,,,
,,,,,,,,,,,,,,,,,,
,,,,,,,,,,,,,,,,,,
,,,,,,,,,,,,,,,,,,
,,,,,,,,,,,,,,,,,,
,,,,,,,,,,,,,,,,,,
,,,,,,,,,,,,,,,,,,
,,,,,,,,,,,,,,,,,,
,,,,,,,,,,,,,,,,,,
,,,,,,,,,,,,,,,,,,
,,,,,,,,,,,,,,,,,,
,,,,,,,,,,,,,,,,,,
,,,,,,,,,,,,,,,,,,
,,,,,,,,,,,,,,,,,,
,,,,,,,,,,,,,,,,,,
,,,,,,,,,,,,,,,,,,
,,,,,,,,,,,,,,,,,,
,,,,,,,,,,,,,,,,,,
,,,,,,,,,,,,,,,,,,
,,,,,,,,,,,,,,,,,,
,,,,,,,,,,,,,,,,,,
,,,,,,,,,,,,,,,,,,
,,,,,,,,,,,,,,,,,,
,,,,,,,,,,,,,,,,,,
,,,,,,,,,,,,,,,,,,
,,,,,,,,,,,,,,,,,,
,,,,,,,,,,,,,,,,,,
,,,,,,,,,,,,,,,,,,
,,,,,,,,,,,,,,,,,,
,,,,,,,,,,,,,,,,,,