product_ids,make_model,year,plant_country,pcUSCA_pct
2016_acura_ilx,acura_ilx,2016,United States,0.6
2016_acura_mdx,acura_mdx,2016,United States,0.65
2016_acura_rdx,acura_rdx,2016,United States,0.7
2016_acura_tlx,acura_tlx,2016,United States,0.65
2016_bmw_x3,bmw_x3,2016,United States,0.1
2016_bmw_x4,bmw_x4,2016,United States,0.15
2016_buick_enclave,buick_enclave,2016,United States,0.8
2016_buick_lacrosse,buick_lacrosse,2016,United States,0.65
2016_buick_verano,buick_verano,2016,United States,0.61
2016_cadillac_ats,cadillac_ats,2016,United States,0.6
2016_cadillac_ct6,cadillac_ct6,2016,United States,0.6
2016_cadillac_cts,cadillac_cts,2016,United States,0.6
2016_cadillac_escalade,cadillac_escalade,2016,United States,0.65
2016_chevrolet_camaro,chevrolet_camaro,2016,United States,0.6
2016_chevrolet_colorado,chevrolet_colorado,2016,United States,0.61
2016_chevrolet_corvette,chevrolet_corvette,2016,United States,0.66
2016_chevrolet_cruze,chevrolet_cruze,2016,United States,0.6
2016_chevrolet_cruzelimited,chevrolet_cruzelimited,2016,United States,0.61
2016_chevrolet_malibuhybrid,chevrolet_malibuhybrid,2016,United States,0.65
2016_chevrolet_malibulimited,chevrolet_malibulimited,2016,United States,0.65
2016_chevrolet_silverado,chevrolet_silverado,2016,United States,0.45
2016_chevrolet_sonic,chevrolet_sonic,2016,United States,0.55
2016_chevrolet_suburban,chevrolet_suburban,2016,United States,0.65
2016_chevrolet_tahoe,chevrolet_tahoe,2016,United States,0.65
2016_chevrolet_traverse,chevrolet_traverse,2016,United States,0.8
2016_chevrolet_volthybrid,chevrolet_volthybrid,2016,United States,0.5
2016_ford_escape,ford_escape,2016,United States,0.55
2016_ford_expedition,ford_expedition,2016,United States,0.55
2016_ford_explorer,ford_explorer,2016,United States,0.6
2016_ford_f150,ford_f150,2016,United States,0.7
2016_ford_focus,ford_focus,2016,United States,0.46
2016_ford_mustang,ford_mustang,2016,United States,0.6
2016_ford_taurus,ford_taurus,2016,United States,0.61
2016_gmc_acadia,gmc_acadia,2016,United States,0.8
2016_gmc_canyon,gmc_canyon,2016,United States,0.61
2016_gmc_sierra,gmc_sierra,2016,United States,0.45
2016_gmc_yukon,gmc_yukon,2016,United States,0.65
2016_honda_accord,honda_accord,2016,United States,0.8
2016_honda_civic,honda_civic,2016,United States,0.7
2016_honda_crv,honda_crv,2016,United States,0.7
2016_honda_odyssey,honda_odyssey,2016,United States,0.75
2016_honda_pilot,honda_pilot,2016,United States,0.75
2016_hyundai_santafesport,hyundai_santafesport,2016,United States,0.51
2016_infiniti_qx60,infiniti_qx60,2016,United States,0.5
2016_infiniti_qx60hybrid,infiniti_qx60hybrid,2016,United States,0.5
2016_kia_sorento,kia_sorento,2016,United States,0.495
2016_lincoln_mkc,lincoln_mkc,2016,United States,0.55
2016_lincoln_mks,lincoln_mks,2016,United States,0.52
2016_lincoln_navigator,lincoln_navigator,2016,United States,0.52
2016_mercedesbenz_c,mercedesbenz_c,2016,United States,0.55
2016_mercedesbenz_gle,mercedesbenz_gle,2016,United States,0.6
2016_nissan_altima,nissan_altima,2016,United States,0.55
2016_nissan_frontier,nissan_frontier,2016,United States,0.5
2016_nissan_leafev,nissan_leafev,2016,United States,0.4
2016_nissan_murano,nissan_murano,2016,United States,0.55
2016_nissan_pathfinder,nissan_pathfinder,2016,United States,0.55
2016_subaru_legacy,subaru_legacy,2016,United States,0.45
2016_subaru_outback,subaru_outback,2016,United States,0.45
2016_toyota_avalon,toyota_avalon,2016,United States,0.7
2016_toyota_avalonhybrid,toyota_avalonhybrid,2016,United States,0.4
2016_toyota_camry,toyota_camry,2016,United States,0.75
2016_toyota_camryhybrid,toyota_camryhybrid,2016,United States,0.4
2016_toyota_highlander,toyota_highlander,2016,United States,0.7
2016_toyota_highlanderhybrid,toyota_highlanderhybrid,2016,United States,0.4
2016_toyota_sequoia,toyota_sequoia,2016,United States,0.65
2016_toyota_sienna,toyota_sienna,2016,United States,0.75
2016_toyota_tundra,toyota_tundra,2016,United States,0.65
2016_volkswagen_passat,volkswagen_passat,2016,United States,0.35333333333333333
2017_acura_ilx,acura_ilx,2017,United States,0.55
2017_acura_mdx,acura_mdx,2017,United States,0.7
2017_acura_mdxhybrid,acura_mdxhybrid,2017,United States,0.7
2017_acura_nsxhybrid,acura_nsxhybrid,2017,United States,0.45
2017_acura_rdx,acura_rdx,2017,United States,0.75
2017_acura_tlx,acura_tlx,2017,United States,0.65
2017_bmw_x3,bmw_x3,2017,United States,0.3
2017_bmw_x4,bmw_x4,2017,United States,0.35
2017_bmw_x5,bmw_x5,2017,United States,0.35
2017_bmw_x6,bmw_x6,2017,United States,0.35
2017_buick_enclave,buick_enclave,2017,United States,0.71
2017_buick_lacrosse,buick_lacrosse,2017,United States,0.56
2017_buick_verano,buick_verano,2017,United States,0.64
2017_cadillac_ats,cadillac_ats,2017,United States,0.54
2017_cadillac_ct6,cadillac_ct6,2017,United States,0.52
2017_cadillac_cts,cadillac_cts,2017,United States,0.54
2017_cadillac_escalade,cadillac_escalade,2017,United States,0.49
2017_cadillac_xt5,cadillac_xt5,2017,United States,0.65
2017_chevrolet_camaro,chevrolet_camaro,2017,United States,0.54
2017_chevrolet_colorado,chevrolet_colorado,2017,United States,0.49
2017_chevrolet_corvette,chevrolet_corvette,2017,United States,0.64
2017_chevrolet_impala,chevrolet_impala,2017,United States,0.6
2017_chevrolet_malibu,chevrolet_malibu,2017,United States,0.56
2017_chevrolet_silverado,chevrolet_silverado,2017,United States,0.38
2017_chevrolet_sonic,chevrolet_sonic,2017,United States,0.54
2017_chevrolet_tahoe,chevrolet_tahoe,2017,United States,0.49
2017_chevrolet_traverse,chevrolet_traverse,2017,United States,0.71
2017_chevrolet_volthybrid,chevrolet_volthybrid,2017,United States,0.5
2017_chrysler_200,chrysler_200,2017,United States,0.66
2017_dodge_durango,dodge_durango,2017,United States,0.62
2017_dodge_viper,dodge_viper,2017,United States,0.74
2017_ford_escape,ford_escape,2017,United States,0.55
2017_ford_expedition,ford_expedition,2017,United States,0.62
2017_ford_explorer,ford_explorer,2017,United States,0.56
2017_ford_f150,ford_f150,2017,United States,0.7
2017_ford_focusev,ford_focusev,2017,United States,0.4
2017_ford_mustang,ford_mustang,2017,United States,0.52
2017_ford_taurus,ford_taurus,2017,United States,0.65
2017_gmc_acadia,gmc_acadia,2017,United States,0.6799999999999999
2017_gmc_canyon,gmc_canyon,2017,United States,0.49
2017_gmc_sierra,gmc_sierra,2017,United States,0.38
2017_gmc_yukon,gmc_yukon,2017,United States,0.49
2017_honda_accord,honda_accord,2017,United States,0.7
2017_honda_odyssey,honda_odyssey,2017,United States,0.7
2017_honda_pilot,honda_pilot,2017,United States,0.7
2017_honda_ridgeline,honda_ridgeline,2017,United States,0.75
2017_hyundai_santafesport,hyundai_santafesport,2017,United States,0.51
2017_hyundai_sonata,hyundai_sonata,2017,United States,0.46
2017_infiniti_qx60,infiniti_qx60,2017,United States,0.5
2017_infiniti_qx60hybrid,infiniti_qx60hybrid,2017,United States,0.5
2017_jeep_cherokee,jeep_cherokee,2017,United States,0.7
2017_jeep_compass,jeep_compass,2017,United States,0.61
2017_jeep_grandcherokee,jeep_grandcherokee,2017,United States,0.6
2017_jeep_patriot,jeep_patriot,2017,United States,0.6
2017_jeep_wrangler,jeep_wrangler,2017,United States,0.745
2017_kia_optima,kia_optima,2017,United States,0.8033333333333333
2017_kia_sorento,kia_sorento,2017,United States,0.48
2017_lincoln_continental,lincoln_continental,2017,United States,0.5
2017_lincoln_mkc,lincoln_mkc,2017,United States,0.55
2017_lincoln_navigator,lincoln_navigator,2017,United States,0.61
2017_mercedesbenz_gle,mercedesbenz_gle,2017,United States,0.65
2017_nissan_altima,nissan_altima,2017,United States,0.55
2017_nissan_frontier,nissan_frontier,2017,United States,0.5
2017_nissan_leafev,nissan_leafev,2017,United States,0.4
2017_nissan_maxima,nissan_maxima,2017,United States,0.5
2017_nissan_murano,nissan_murano,2017,United States,0.55
2017_nissan_pathfinder,nissan_pathfinder,2017,United States,0.55
2017_nissan_rogue,nissan_rogue,2017,United States,0.2
2017_nissan_roguehybrid,nissan_roguehybrid,2017,United States,0.2
2017_nissan_titan,nissan_titan,2017,United States,0.5
2017_ram_1500,ram_1500,2017,United States,0.56
2017_subaru_impreza,subaru_impreza,2017,United States,0.4
2017_subaru_legacy,subaru_legacy,2017,United States,0.45
2017_subaru_outback,subaru_outback,2017,United States,0.45
2017_tesla_model3ev,tesla_model3ev,2017,United States,0.5
2017_tesla_modelsev,tesla_modelsev,2017,United States,0.5
2017_tesla_modelxev,tesla_modelxev,2017,United States,0.5
2017_toyota_avalon,toyota_avalon,2017,United States,0.7
2017_toyota_avalonhybrid,toyota_avalonhybrid,2017,United States,0.4
2017_toyota_camry,toyota_camry,2017,United States,0.75
2017_toyota_camryhybrid,toyota_camryhybrid,2017,United States,0.4
2017_toyota_corolla,toyota_corolla,2017,United States,0.65
2017_toyota_highlander,toyota_highlander,2017,United States,0.6
2017_toyota_highlanderhybrid,toyota_highlanderhybrid,2017,United States,0.4
2017_toyota_sequoia,toyota_sequoia,2017,United States,0.65
2017_toyota_sienna,toyota_sienna,2017,United States,0.65
2017_toyota_tundra,toyota_tundra,2017,United States,0.65
2018_acura_mdx,acura_mdx,2018,United States,0.7
2018_acura_rdx,acura_rdx,2018,United States,0.65
2018_acura_tlx,acura_tlx,2018,United States,0.6599999999999999
2018_bmw_x3,bmw_x3,2018,United States,0.25
2018_bmw_x4,bmw_x4,2018,United States,0.35
2018_bmw_x5,bmw_x5,2018,United States,0.35
2018_bmw_x6,bmw_x6,2018,United States,0.3
2018_buick_enclave,buick_enclave,2018,United States,0.57
2018_buick_lacrosse,buick_lacrosse,2018,United States,0.5
2018_cadillac_ats,cadillac_ats,2018,United States,0.57
2018_cadillac_ct6,cadillac_ct6,2018,United States,0.39
2018_cadillac_cts,cadillac_cts,2018,United States,0.57
2018_cadillac_escalade,cadillac_escalade,2018,United States,0.42
2018_cadillac_xt5,cadillac_xt5,2018,United States,0.57
2018_chevrolet_boltev,chevrolet_boltev,2018,United States,0.2
2018_chevrolet_camaro,chevrolet_camaro,2018,United States,0.57
2018_chevrolet_colorado,chevrolet_colorado,2018,United States,0.51
2018_chevrolet_corvette,chevrolet_corvette,2018,United States,0.67
2018_chevrolet_cruze,chevrolet_cruze,2018,United States,0.45
2018_chevrolet_malibu,chevrolet_malibu,2018,United States,0.5
2018_chevrolet_silverado,chevrolet_silverado,2018,United States,0.46
2018_chevrolet_sonic,chevrolet_sonic,2018,United States,0.5
2018_chevrolet_tahoe,chevrolet_tahoe,2018,United States,0.42
2018_chevrolet_traverse,chevrolet_traverse,2018,United States,0.57
2018_chevrolet_volthybrid,chevrolet_volthybrid,2018,United States,0.66
2018_ford_cmaxhybrid,ford_cmaxhybrid,2018,United States,0.4
2018_ford_escape,ford_escape,2018,United States,0.6
2018_ford_expedition,ford_expedition,2018,United States,0.62
2018_ford_explorer,ford_explorer,2018,United States,0.57
2018_ford_f150,ford_f150,2018,United States,0.65
2018_ford_focus,ford_focus,2018,United States,0.45
2018_ford_mustang,ford_mustang,2018,United States,0.56
2018_ford_taurus,ford_taurus,2018,United States,0.61
2018_gmc_acadia,gmc_acadia,2018,United States,0.57
2018_gmc_canyon,gmc_canyon,2018,United States,0.51
2018_gmc_sierra,gmc_sierra,2018,United States,0.46
2018_gmc_yukon,gmc_yukon,2018,United States,0.42
2018_honda_accord,honda_accord,2018,United States,0.6
2018_honda_crv,honda_crv,2018,United States,0.65
2018_honda_odyssey,honda_odyssey,2018,United States,0.75
2018_honda_pilot,honda_pilot,2018,United States,0.7
2018_honda_ridgeline,honda_ridgeline,2018,United States,0.75
2018_hyundai_santafesport,hyundai_santafesport,2018,United States,0.53
2018_hyundai_sonata,hyundai_sonata,2018,United States,0.44
2018_infiniti_qx60,infiniti_qx60,2018,United States,0.5
2018_kia_optima,kia_optima,2018,United States,0.55
2018_kia_sorento,kia_sorento,2018,United States,0.55
2018_lincoln_continental,lincoln_continental,2018,United States,0.65
2018_lincoln_mkc,lincoln_mkc,2018,United States,0.61
2018_lincoln_navigator,lincoln_navigator,2018,United States,0.56
2018_mercedesbenz_gle,mercedesbenz_gle,2018,United States,0.604
2018_mercedesbenz_glehybrid,mercedesbenz_glehybrid,2018,United States,0.6
2018_nissan_frontier,nissan_frontier,2018,United States,0.5
2018_nissan_leafev,nissan_leafev,2018,United States,0.4
2018_nissan_maxima,nissan_maxima,2018,United States,0.5
2018_nissan_murano,nissan_murano,2018,United States,0.55
2018_nissan_pathfinder,nissan_pathfinder,2018,United States,0.55
2018_nissan_roguehybrid,nissan_roguehybrid,2018,United States,0.2
2018_nissan_titan,nissan_titan,2018,United States,0.45
2018_subaru_impreza,subaru_impreza,2018,United States,0.4
2018_subaru_legacy,subaru_legacy,2018,United States,0.45
2018_subaru_outback,subaru_outback,2018,United States,0.45
2018_tesla_model3ev,tesla_model3ev,2018,United States,0.475
2018_tesla_modelsev,tesla_modelsev,2018,United States,0.55
2018_tesla_modelxev,tesla_modelxev,2018,United States,0.5
2018_toyota_avalon,toyota_avalon,2018,United States,0.65
2018_toyota_avalonhybrid,toyota_avalonhybrid,2018,United States,0.4
2018_toyota_camry,toyota_camry,2018,United States,0.55
2018_toyota_camryhybrid,toyota_camryhybrid,2018,United States,0.45
2018_toyota_corolla,toyota_corolla,2018,United States,0.6
2018_toyota_highlander,toyota_highlander,2018,United States,0.6
2018_toyota_highlanderhybrid,toyota_highlanderhybrid,2018,United States,0.4
2018_toyota_sequoia,toyota_sequoia,2018,United States,0.6
2018_toyota_sienna,toyota_sienna,2018,United States,0.6
2018_toyota_tacoma,toyota_tacoma,2018,United States,0.6
2018_toyota_tundra,toyota_tundra,2018,United States,0.65
2018_volkswagen_atlas,volkswagen_atlas,2018,United States,0.46
2018_volkswagen_passat,volkswagen_passat,2018,United States,0.32
2019_acura_ilx,acura_ilx,2019,United States,0.6
2019_acura_mdx,acura_mdx,2019,United States,0.6875
2019_acura_nsxhybrid,acura_nsxhybrid,2019,United States,0.4
2019_acura_rdx,acura_rdx,2019,United States,0.6
2019_acura_tlx,acura_tlx,2019,United States,0.6
2019_bmw_x3,bmw_x3,2019,United States,0.3
2019_bmw_x4,bmw_x4,2019,United States,0.3
2019_bmw_x5,bmw_x5,2019,United States,0.25
2019_bmw_x6,bmw_x6,2019,United States,0.35
2019_bmw_x7,bmw_x7,2019,United States,0.21
2019_buick_enclave,buick_enclave,2019,United States,0.54
2019_buick_lacrosse,buick_lacrosse,2019,United States,0.49
2019_cadillac_ats,cadillac_ats,2019,United States,0.59
2019_cadillac_ct6,cadillac_ct6,2019,United States,0.38
2019_cadillac_cts,cadillac_cts,2019,United States,0.59
2019_cadillac_escalade,cadillac_escalade,2019,United States,0.41
2019_cadillac_xt4,cadillac_xt4,2019,United States,0.49
2019_cadillac_xt5,cadillac_xt5,2019,United States,0.54
2019_chevrolet_boltev,chevrolet_boltev,2019,United States,0.18
2019_chevrolet_camaro,chevrolet_camaro,2019,United States,0.59
2019_chevrolet_colorado,chevrolet_colorado,2019,United States,0.56
2019_chevrolet_corvette,chevrolet_corvette,2019,United States,0.68
2019_chevrolet_cruze,chevrolet_cruze,2019,United States,0.53
2019_chevrolet_malibu,chevrolet_malibu,2019,United States,0.49
2019_chevrolet_silverado,chevrolet_silverado,2019,United States,0.42
2019_chevrolet_sonic,chevrolet_sonic,2019,United States,0.49
2019_chevrolet_tahoe,chevrolet_tahoe,2019,United States,0.41
2019_chevrolet_traverse,chevrolet_traverse,2019,United States,0.54
2019_chevrolet_volthybrid,chevrolet_volthybrid,2019,United States,0.68
2019_dodge_durango,dodge_durango,2019,United States,0.6
2019_ford_escape,ford_escape,2019,United States,0.45
2019_ford_expedition,ford_expedition,2019,United States,0.5
2019_ford_explorer,ford_explorer,2019,United States,0.5
2019_ford_f150,ford_f150,2019,United States,0.56
2019_ford_mustang,ford_mustang,2019,United States,0.46
2019_ford_ranger,ford_ranger,2019,United States,0.5
2019_ford_taurus,ford_taurus,2019,United States,0.55
2019_gmc_acadia,gmc_acadia,2019,United States,0.54
2019_gmc_canyon,gmc_canyon,2019,United States,0.56
2019_gmc_sierra,gmc_sierra,2019,United States,0.42
2019_gmc_yukon,gmc_yukon,2019,United States,0.41
2019_honda_accord,honda_accord,2019,United States,0.65
2019_honda_crv,honda_crv,2019,United States,0.45
2019_honda_insighthybrid,honda_insighthybrid,2019,United States,0.45
2019_honda_odyssey,honda_odyssey,2019,United States,0.7
2019_honda_passport,honda_passport,2019,United States,0.7
2019_honda_ridgeline,honda_ridgeline,2019,United States,0.7
2019_infiniti_qx60,infiniti_qx60,2019,United States,0.5
2019_jeep_cherokee,jeep_cherokee,2019,United States,0.69
2019_jeep_grandcherokee,jeep_grandcherokee,2019,United States,0.61
2019_jeep_wrangler,jeep_wrangler,2019,United States,0.61
2019_jeep_wranglerunlimited,jeep_wranglerunlimited,2019,United States,0.62
2019_lincoln_continental,lincoln_continental,2019,United States,0.6
2019_lincoln_mkc,lincoln_mkc,2019,United States,0.45
2019_lincoln_navigator,lincoln_navigator,2019,United States,0.45
2019_mercedesbenz_gle,mercedesbenz_gle,2019,United States,0.605
2019_nissan_altima,nissan_altima,2019,United States,0.55
2019_nissan_frontier,nissan_frontier,2019,United States,0.5
2019_nissan_leafev,nissan_leafev,2019,United States,0.35
2019_nissan_maxima,nissan_maxima,2019,United States,0.5
2019_nissan_murano,nissan_murano,2019,United States,0.55
2019_nissan_pathfinder,nissan_pathfinder,2019,United States,0.55
2019_nissan_roguehybrid,nissan_roguehybrid,2019,United States,0.25
2019_nissan_titan,nissan_titan,2019,United States,0.5
2019_ram_1500,ram_1500,2019,United States,0.58
2019_subaru_ascent,subaru_ascent,2019,United States,0.5
2019_subaru_impreza,subaru_impreza,2019,United States,0.45
2019_subaru_legacy,subaru_legacy,2019,United States,0.45
2019_subaru_outback,subaru_outback,2019,United States,0.45
2019_toyota_avalon,toyota_avalon,2019,United States,0.6
2019_toyota_avalonhybrid,toyota_avalonhybrid,2019,United States,0.45
2019_toyota_camry,toyota_camry,2019,United States,0.65
2019_toyota_camryhybrid,toyota_camryhybrid,2019,United States,0.45
2019_toyota_highlander,toyota_highlander,2019,United States,0.65
2019_toyota_highlanderhybrid,toyota_highlanderhybrid,2019,United States,0.4
2019_toyota_sequoia,toyota_sequoia,2019,United States,0.6
2019_toyota_sienna,toyota_sienna,2019,United States,0.6
2019_toyota_tacoma,toyota_tacoma,2019,United States,0.6
2019_toyota_tundra,toyota_tundra,2019,United States,0.6
2019_volkswagen_atlas,volkswagen_atlas,2019,United States,0.485
2019_volkswagen_passat,volkswagen_passat,2019,United States,0.32
2019_volvo_s60,volvo_s60,2019,United States,0.2
2020_acura_ilx,acura_ilx,2020,United States,0.55
2020_acura_mdx,acura_mdx,2020,United States,0.6125
2020_acura_nsxhybrid,acura_nsxhybrid,2020,United States,0.35
2020_acura_rdx,acura_rdx,2020,United States,0.65
2020_acura_tlx,acura_tlx,2020,United States,0.7000000000000001
2020_bmw_x3,bmw_x3,2020,United States,0.31
2020_bmw_x3hybrid,bmw_x3hybrid,2020,United States,0.31
2020_bmw_x4,bmw_x4,2020,United States,0.305
2020_bmw_x5,bmw_x5,2020,United States,0.31
2020_bmw_x6,bmw_x6,2020,United States,0.21500000000000002
2020_bmw_x7,bmw_x7,2020,United States,0.23
2020_cadillac_escalade,cadillac_escalade,2020,United States,0.43
2020_chevrolet_tahoe,chevrolet_tahoe,2020,United States,0.43
2020_dodge_durango,dodge_durango,2020,United States,0.58
2020_ford_escape,ford_escape,2020,United States,0.42
2020_ford_expedition,ford_expedition,2020,United States,0.51
2020_ford_explorer,ford_explorer,2020,United States,0.55
2020_ford_f150,ford_f150,2020,United States,0.5
2020_ford_mustang,ford_mustang,2020,United States,0.51
2020_ford_ranger,ford_ranger,2020,United States,0.7
2020_gmc_yukon,gmc_yukon,2020,United States,0.43
2020_honda_accord,honda_accord,2020,United States,0.65
2020_honda_crv,honda_crv,2020,United States,0.55
2020_honda_insighthybrid,honda_insighthybrid,2020,United States,0.45
2020_honda_odyssey,honda_odyssey,2020,United States,0.7
2020_honda_passport,honda_passport,2020,United States,0.7
2020_honda_pilot,honda_pilot,2020,United States,0.65
2020_honda_ridgeline,honda_ridgeline,2020,United States,0.7
2020_hyundai_elantra,hyundai_elantra,2020,United States,0.45
2020_hyundai_santafe,hyundai_santafe,2020,United States,0.35
2020_hyundai_sonata,hyundai_sonata,2020,United States,0.45
2020_infiniti_qx60,infiniti_qx60,2020,United States,0.5
2020_jeep_gladiator,jeep_gladiator,2020,United States,0.61
2020_jeep_grandcherokee,jeep_grandcherokee,2020,United States,0.58
2020_jeep_wrangler,jeep_wrangler,2020,United States,0.58
2020_kia_optima,kia_optima,2020,United States,0.5166666666666666
2020_kia_sorento,kia_sorento,2020,United States,0.55
2020_kia_telluride,kia_telluride,2020,United States,0.51
2020_lincoln_aviator,lincoln_aviator,2020,United States,0.5
2020_lincoln_continental,lincoln_continental,2020,United States,0.46
2020_lincoln_corsair,lincoln_corsair,2020,United States,0.16
2020_lincoln_navigator,lincoln_navigator,2020,United States,0.47
2020_nissan_altima,nissan_altima,2020,United States,0.5
2020_nissan_frontier,nissan_frontier,2020,United States,0.5
2020_nissan_leafev,nissan_leafev,2020,United States,0.35
2020_nissan_maxima,nissan_maxima,2020,United States,0.5
2020_nissan_murano,nissan_murano,2020,United States,0.55
2020_nissan_pathfinder,nissan_pathfinder,2020,United States,0.55
2020_nissan_titan,nissan_titan,2020,United States,0.5
2020_subaru_ascent,subaru_ascent,2020,United States,0.5
2020_subaru_impreza,subaru_impreza,2020,United States,0.45
2020_subaru_legacy,subaru_legacy,2020,United States,0.5
2020_subaru_outback,subaru_outback,2020,United States,0.45
2020_toyota_avalon,toyota_avalon,2020,United States,0.6
2020_toyota_avalonhybrid,toyota_avalonhybrid,2020,United States,0.45
2020_toyota_camry,toyota_camry,2020,United States,0.65
2020_toyota_camryhybrid,toyota_camryhybrid,2020,United States,0.45
2020_toyota_highlander,toyota_highlander,2020,United States,0.6
2020_toyota_highlanderhybrid,toyota_highlanderhybrid,2020,United States,0.45
2020_toyota_sequoia,toyota_sequoia,2020,United States,0.5
2020_toyota_sienna,toyota_sienna,2020,United States,0.65
2020_toyota_tundra,toyota_tundra,2020,United States,0.6
2020_volkswagen_atlas,volkswagen_atlas,2020,United States,0.475
2020_volkswagen_atlascrosssport,volkswagen_atlascrosssport,2020,United States,0.44
2020_volkswagen_passat,volkswagen_passat,2020,United States,0.44
2020_volvo_s60,volvo_s60,2020,United States,0.16666666666666666
2020_volvo_s60hybrid,volvo_s60hybrid,2020,United States,0.17
2021_acura_ilx,acura_ilx,2021,United States,0.55
2021_acura_rdx,acura_rdx,2021,United States,0.65
2021_acura_tlx,acura_tlx,2021,United States,0.65
2021_bmw_x3,bmw_x3,2021,United States,0.3
2021_bmw_x3hybrid,bmw_x3hybrid,2021,United States,0.3
2021_bmw_x4,bmw_x4,2021,United States,0.31
2021_bmw_x5,bmw_x5,2021,United States,0.36
2021_bmw_x5hybrid,bmw_x5hybrid,2021,United States,0.36
2021_bmw_x6,bmw_x6,2021,United States,0.3
2021_bmw_x7,bmw_x7,2021,United States,0.32
2021_cadillac_escalade,cadillac_escalade,2021,United States,0.46
2021_chevrolet_tahoe,chevrolet_tahoe,2021,United States,0.46
2021_dodge_durango,dodge_durango,2021,United States,0.67
2021_ford_bronco,ford_bronco,2021,United States,0.61
2021_ford_escape,ford_escape,2021,United States,0.4
2021_ford_expedition,ford_expedition,2021,United States,0.6
2021_ford_explorer,ford_explorer,2021,United States,0.48
2021_ford_f150,ford_f150,2021,United States,0.55
2021_ford_mustang,ford_mustang,2021,United States,0.77
2021_ford_ranger,ford_ranger,2021,United States,0.45
2021_gmc_yukon,gmc_yukon,2021,United States,0.46
2021_honda_accord,honda_accord,2021,United States,0.5
2021_honda_crv,honda_crv,2021,United States,0.5
2021_honda_odyssey,honda_odyssey,2021,United States,0.7
2021_honda_passport,honda_passport,2021,United States,0.7
2021_honda_pilot,honda_pilot,2021,United States,0.7
2021_hyundai_elantra,hyundai_elantra,2021,United States,0.55
2021_hyundai_santafe,hyundai_santafe,2021,United States,0.5
2021_hyundai_sonata,hyundai_sonata,2021,United States,0.45
2021_jeep_gladiator,jeep_gladiator,2021,United States,0.65
2021_jeep_grandcherokee,jeep_grandcherokee,2021,United States,0.67
2021_jeep_wrangler,jeep_wrangler,2021,United States,0.6
2021_kia_k5,kia_k5,2021,United States,0.55
2021_kia_sorento,kia_sorento,2021,United States,0.5
2021_kia_telluride,kia_telluride,2021,United States,0.5
2021_lexus_es,lexus_es,2021,United States,0.47500000000000003
2021_lincoln_corsair,lincoln_corsair,2021,United States,0.25
2021_lincoln_navigator,lincoln_navigator,2021,United States,0.5
2021_nissan_altima,nissan_altima,2021,United States,0.5
2021_nissan_frontier,nissan_frontier,2021,United States,0.45
2021_nissan_leafev,nissan_leafev,2021,United States,0.35
2021_nissan_maxima,nissan_maxima,2021,United States,0.5
2021_nissan_murano,nissan_murano,2021,United States,0.55
2021_nissan_titan,nissan_titan,2021,United States,0.5
2021_ram_1500classic,ram_1500classic,2021,United States,0.63
2021_subaru_ascent,subaru_ascent,2021,United States,0.5
2021_subaru_impreza,subaru_impreza,2021,United States,0.45
2021_subaru_legacy,subaru_legacy,2021,United States,0.5
2021_subaru_outback,subaru_outback,2021,United States,0.5
2021_toyota_avalon,toyota_avalon,2021,United States,0.55
2021_toyota_avalonhybrid,toyota_avalonhybrid,2021,United States,0.45
2021_toyota_camry,toyota_camry,2021,United States,0.55
2021_toyota_camryhybrid,toyota_camryhybrid,2021,United States,0.45
2021_toyota_highlander,toyota_highlander,2021,United States,0.55
2021_toyota_highlanderhybrid,toyota_highlanderhybrid,2021,United States,0.45
2021_toyota_sequoia,toyota_sequoia,2021,United States,0.55
2021_toyota_siennahybrid,toyota_siennahybrid,2021,United States,0.45
2021_toyota_tundra,toyota_tundra,2021,United States,0.65
2021_volkswagen_atlas,volkswagen_atlas,2021,United States,0.47
2021_volkswagen_atlascrosssport,volkswagen_atlascrosssport,2021,United States,0.435
2021_volkswagen_passat,volkswagen_passat,2021,United States,0.39
2021_volvo_s60,volvo_s60,2021,United States,0.16666666666666666
2021_volvo_s60hybrid,volvo_s60hybrid,2021,United States,0.17
2022_acura_ilx,acura_ilx,2022,United States,0.55
2022_acura_mdx,acura_mdx,2022,United States,0.6
2022_acura_rdx,acura_rdx,2022,United States,0.6
2022_acura_tlx,acura_tlx,2022,United States,0.6166666666666667
2022_bmw_x3,bmw_x3,2022,United States,0.32499999999999996
2022_bmw_x4,bmw_x4,2022,United States,0.32999999999999996
2022_bmw_x5,bmw_x5,2022,United States,0.38
2022_bmw_x5hybrid,bmw_x5hybrid,2022,United States,0.36
2022_bmw_x6,bmw_x6,2022,United States,0.39
2022_bmw_x7,bmw_x7,2022,United States,0.36
2022_cadillac_escalade,cadillac_escalade,2022,United States,0.46
2022_chevrolet_tahoe,chevrolet_tahoe,2022,United States,0.46
2022_dodge_durango,dodge_durango,2022,United States,0.71
2022_ford_bronco,ford_bronco,2022,United States,0.55
2022_ford_escape,ford_escape,2022,United States,0.36
2022_ford_expedition,ford_expedition,2022,United States,0.5
2022_ford_explorer,ford_explorer,2022,United States,0.45
2022_ford_f150,ford_f150,2022,United States,0.5
2022_ford_mustang,ford_mustang,2022,United States,0.51
2022_ford_ranger,ford_ranger,2022,United States,0.55
2022_gmc_yukon,gmc_yukon,2022,United States,0.46
2022_honda_accord,honda_accord,2022,United States,0.5
2022_honda_civic,honda_civic,2022,United States,0.6
2022_honda_crv,honda_crv,2022,United States,0.5
2022_honda_insighthybrid,honda_insighthybrid,2022,United States,0.45
2022_honda_odyssey,honda_odyssey,2022,United States,0.7
2022_honda_passport,honda_passport,2022,United States,0.75
2022_honda_pilot,honda_pilot,2022,United States,0.6999999999999998
2022_honda_ridgeline,honda_ridgeline,2022,United States,0.7
2022_hyundai_santafe,hyundai_santafe,2022,United States,0.5
2022_jeep_gladiator,jeep_gladiator,2022,United States,0.68
2022_jeep_grandcherokee,jeep_grandcherokee,2022,United States,0.6950000000000001
2022_jeep_grandwagoneer,jeep_grandwagoneer,2022,United States,0.6
2022_jeep_wrangler,jeep_wrangler,2022,United States,0.6
2022_kia_sorento,kia_sorento,2022,United States,0.55
2022_kia_telluride,kia_telluride,2022,United States,0.6
2022_lexus_es,lexus_es,2022,United States,0.55
2022_lexus_eshybrid,lexus_eshybrid,2022,United States,0.5
2022_lincoln_aviator,lincoln_aviator,2022,United States,0.45
2022_lincoln_corsair,lincoln_corsair,2022,United States,0.72
2022_lincoln_navigator,lincoln_navigator,2022,United States,0.43
2022_nissan_altima,nissan_altima,2022,United States,0.5
2022_nissan_frontier,nissan_frontier,2022,United States,0.4
2022_nissan_leafev,nissan_leafev,2022,United States,0.3
2022_nissan_maxima,nissan_maxima,2022,United States,0.5
2022_nissan_murano,nissan_murano,2022,United States,0.55
2022_nissan_pathfinder,nissan_pathfinder,2022,United States,0.5
2022_nissan_titan,nissan_titan,2022,United States,0.5
2022_ram_1500classic,ram_1500classic,2022,United States,0.65
2022_subaru_ascent,subaru_ascent,2022,United States,0.5
2022_subaru_impreza,subaru_impreza,2022,United States,0.5
2022_subaru_legacy,subaru_legacy,2022,United States,0.5
2022_subaru_outback,subaru_outback,2022,United States,0.5
2022_toyota_avalon,toyota_avalon,2022,United States,0.55
2022_toyota_avalonhybrid,toyota_avalonhybrid,2022,United States,0.55
2022_toyota_camry,toyota_camry,2022,United States,0.6
2022_toyota_camryhybrid,toyota_camryhybrid,2022,United States,0.45
2022_toyota_corollacross,toyota_corollacross,2022,United States,0.4
2022_toyota_highlander,toyota_highlander,2022,United States,0.5
2022_toyota_highlanderhybrid,toyota_highlanderhybrid,2022,United States,0.4
2022_toyota_sequoia,toyota_sequoia,2022,United States,0.55
2022_toyota_siennahybrid,toyota_siennahybrid,2022,United States,0.55
2022_toyota_tundra,toyota_tundra,2022,United States,0.5
2022_toyota_tundrahybrid,toyota_tundrahybrid,2022,United States,0.65
2022_volkswagen_atlas,volkswagen_atlas,2022,United States,0.47
2022_volkswagen_atlascrosssport,volkswagen_atlascrosssport,2022,United States,0.4475
2022_volkswagen_passat,volkswagen_passat,2022,United States,0.28
2022_volvo_s60,volvo_s60,2022,United States,0.325
2022_volvo_s60hybrid,volvo_s60hybrid,2022,United States,0.25
2023_acura_integra,acura_integra,2023,United States,0.65
2023_acura_mdx,acura_mdx,2023,United States,0.55
2023_acura_rdx,acura_rdx,2023,United States,0.6399999999999999
2023_acura_tlx,acura_tlx,2023,United States,0.575
2023_bmw_x3,bmw_x3,2023,United States,0.4
2023_bmw_x4,bmw_x4,2023,United States,0.35
2023_bmw_x5,bmw_x5,2023,United States,0.32
2023_bmw_x6,bmw_x6,2023,United States,0.36
2023_bmw_x7,bmw_x7,2023,United States,0.2
2023_bmw_xmhybrid,bmw_xmhybrid,2023,United States,0.06
2023_dodge_durango,dodge_durango,2023,United States,0.71
2023_ford_bronco,ford_bronco,2023,United States,0.29
2023_ford_escape,ford_escape,2023,United States,0.22
2023_ford_escapehybrid,ford_escapehybrid,2023,United States,0.22
2023_ford_expedition,ford_expedition,2023,United States,0.4
2023_ford_explorer,ford_explorer,2023,United States,0.27
2023_ford_f150,ford_f150,2023,United States,0.3
2023_ford_f150ev,ford_f150ev,2023,United States,0.38
2023_ford_mustang,ford_mustang,2023,United States,0.16
2023_ford_ranger,ford_ranger,2023,United States,0.23
2023_honda_accord,honda_accord,2023,United States,0.5
2023_honda_civic,honda_civic,2023,United States,0.6
2023_honda_crv,honda_crv,2023,United States,0.575
2023_honda_odyssey,honda_odyssey,2023,United States,0.7
2023_honda_passport,honda_passport,2023,United States,0.75
2023_honda_pilot,honda_pilot,2023,United States,0.6
2023_honda_ridgeline,honda_ridgeline,2023,United States,0.675
2023_hyundai_santacruz,hyundai_santacruz,2023,United States,0.55
2023_hyundai_santafe,hyundai_santafe,2023,United States,0.5
2023_infiniti_qx60,infiniti_qx60,2023,United States,0.45
2023_jeep_gladiator,jeep_gladiator,2023,United States,0.68
2023_jeep_grandcherokee,jeep_grandcherokee,2023,United States,0.66
2023_jeep_grandwagoneer,jeep_grandwagoneer,2023,United States,0.6
2023_jeep_wagoneer,jeep_wagoneer,2023,United States,0.6
2023_jeep_wrangler,jeep_wrangler,2023,United States,0.61
2023_kia_k5,kia_k5,2023,United States,0.6
2023_kia_sorento,kia_sorento,2023,United States,0.55
2023_kia_telluride,kia_telluride,2023,United States,0.6
2023_lexus_es,lexus_es,2023,United States,0.55
2023_lexus_eshybrid,lexus_eshybrid,2023,United States,0.5
2023_lincoln_aviator,lincoln_aviator,2023,United States,0.2
2023_lincoln_aviatorhybrid,lincoln_aviatorhybrid,2023,United States,0.2
2023_lincoln_corsair,lincoln_corsair,2023,United States,0.52
2023_lincoln_corsairhybrid,lincoln_corsairhybrid,2023,United States,0.52
2023_lincoln_navigator,lincoln_navigator,2023,United States,0.4
2023_mazda_cx50,mazda_cx50,2023,United States,0.5
2023_nissan_altima,nissan_altima,2023,United States,0.5
2023_nissan_frontier,nissan_frontier,2023,United States,0.4
2023_nissan_leafev,nissan_leafev,2023,United States,0.25
2023_nissan_maxima,nissan_maxima,2023,United States,0.5
2023_nissan_murano,nissan_murano,2023,United States,0.55
2023_nissan_pathfinder,nissan_pathfinder,2023,United States,0.5
2023_nissan_rogue,nissan_rogue,2023,United States,0.275
2023_nissan_titan,nissan_titan,2023,United States,0.45
2023_ram_1500classic,ram_1500classic,2023,United States,0.65
2023_subaru_ascent,subaru_ascent,2023,United States,0.5
2023_subaru_impreza,subaru_impreza,2023,United States,0.5
2023_subaru_legacy,subaru_legacy,2023,United States,0.5
2023_subaru_outback,subaru_outback,2023,United States,0.5
2023_tesla_modelyev,tesla_modelyev,2023,United States,0.675
2023_toyota_camry,toyota_camry,2023,United States,0.65
2023_toyota_camryhybrid,toyota_camryhybrid,2023,United States,0.45
2023_toyota_corollacross,toyota_corollacross,2023,United States,0.6
2023_toyota_corollacrosshybrid,toyota_corollacrosshybrid,2023,United States,0.45
2023_toyota_highlander,toyota_highlander,2023,United States,0.6
2023_toyota_highlanderhybrid,toyota_highlanderhybrid,2023,United States,0.5
2023_toyota_sequoiahybrid,toyota_sequoiahybrid,2023,United States,0.5
2023_toyota_siennahybrid,toyota_siennahybrid,2023,United States,0.55
2023_toyota_tundra,toyota_tundra,2023,United States,0.6
2023_toyota_tundrahybrid,toyota_tundrahybrid,2023,United States,0.5
2023_volkswagen_atlas,volkswagen_atlas,2023,United States,0.4875
2023_volkswagen_atlascrosssport,volkswagen_atlascrosssport,2023,United States,0.46499999999999997
2023_volkswagen_id4ev,volkswagen_id4ev,2023,United States,0.68
2023_volvo_s60,volvo_s60,2023,United States,0.325
2023_volvo_s60hybrid,volvo_s60hybrid,2023,United States,0.25
2024_acura_integra,acura_integra,2024,United States,0.6
2024_acura_mdx,acura_mdx,2024,United States,0.6166666666666667
2024_acura_rdx,acura_rdx,2024,United States,0.65
2024_acura_tlx,acura_tlx,2024,United States,0.55
2024_acura_zdxev,acura_zdxev,2024,United States,0.63
2024_bmw_x3,bmw_x3,2024,United States,0.27
2024_bmw_x4,bmw_x4,2024,United States,0.32
2024_bmw_x5,bmw_x5,2024,United States,0.28
2024_bmw_x6,bmw_x6,2024,United States,0.3
2024_bmw_x7,bmw_x7,2024,United States,0.25
2024_bmw_xmhybrid,bmw_xmhybrid,2024,United States,0.21
2024_buick_enclave,buick_enclave,2024,United States,0.31
2024_cadillac_ct4,cadillac_ct4,2024,United States,0.38
2024_cadillac_ct5,cadillac_ct5,2024,United States,0.38
2024_cadillac_escalade,cadillac_escalade,2024,United States,0.37
2024_cadillac_xt4,cadillac_xt4,2024,United States,0.39
2024_cadillac_xt5,cadillac_xt5,2024,United States,0.31
2024_cadillac_xt6,cadillac_xt6,2024,United States,0.31
2024_chevrolet_camaro,chevrolet_camaro,2024,United States,0.45
2024_chevrolet_colorado,chevrolet_colorado,2024,United States,0.51
2024_chevrolet_corvette,chevrolet_corvette,2024,United States,0.4
2024_chevrolet_express,chevrolet_express,2024,United States,0.54
2024_chevrolet_malibu,chevrolet_malibu,2024,United States,0.39
2024_chevrolet_silverado,chevrolet_silverado,2024,United States,0.37
2024_chevrolet_silveradoev,chevrolet_silveradoev,2024,United States,0.36
2024_chevrolet_tahoe,chevrolet_tahoe,2024,United States,0.37
2024_chevrolet_traverse,chevrolet_traverse,2024,United States,0.32999999999999996
2024_dodge_durango,dodge_durango,2024,United States,0.69
2024_ford_bronco,ford_bronco,2024,United States,0.18
2024_ford_escape,ford_escape,2024,United States,0.32
2024_ford_escapehybrid,ford_escapehybrid,2024,United States,0.32
2024_ford_expedition,ford_expedition,2024,United States,0.25
2024_ford_explorer,ford_explorer,2024,United States,0.27
2024_ford_f150,ford_f150,2024,United States,0.32
2024_ford_f150ev,ford_f150ev,2024,United States,0.24
2024_ford_mustang,ford_mustang,2024,United States,0.6
2024_ford_ranger,ford_ranger,2024,United States,0.08
2024_genesis_gv70,genesis_gv70,2024,United States,0.25
2024_gmc_acadia,gmc_acadia,2024,United States,0.31
2024_gmc_canyon,gmc_canyon,2024,United States,0.51
2024_gmc_savana,gmc_savana,2024,United States,0.54
2024_gmc_sierra,gmc_sierra,2024,United States,0.37
2024_gmc_yukon,gmc_yukon,2024,United States,0.37
2024_honda_accord,honda_accord,2024,United States,0.5
2024_honda_civic,honda_civic,2024,United States,0.6
2024_honda_odyssey,honda_odyssey,2024,United States,0.7
2024_honda_passport,honda_passport,2024,United States,0.75
2024_honda_pilot,honda_pilot,2024,United States,0.7
2024_honda_ridgeline,honda_ridgeline,2024,United States,0.7
2024_hyundai_santacruz,hyundai_santacruz,2024,United States,0.55
2024_hyundai_santafe,hyundai_santafe,2024,United States,0.5
2024_hyundai_santafehybrid,hyundai_santafehybrid,2024,United States,0.4
2024_infiniti_qx60,infiniti_qx60,2024,United States,0.45
2024_jeep_gladiator,jeep_gladiator,2024,United States,0.68
2024_jeep_grandcherokee,jeep_grandcherokee,2024,United States,0.59
2024_jeep_wrangler,jeep_wrangler,2024,United States,0.64
2024_kia_k5,kia_k5,2024,United States,0.6
2024_kia_sorento,kia_sorento,2024,United States,0.6
2024_kia_sportage,kia_sportage,2024,United States,0.55
2024_kia_telluride,kia_telluride,2024,United States,0.6
2024_lexus_es,lexus_es,2024,United States,0.5
2024_lexus_eshybrid,lexus_eshybrid,2024,United States,0.45
2024_lexus_tx,lexus_tx,2024,United States,0.575
2024_lexus_txhybrid,lexus_txhybrid,2024,United States,0.3
2024_lincoln_aviator,lincoln_aviator,2024,United States,0.27
2024_lincoln_corsair,lincoln_corsair,2024,United States,0.47
2024_lincoln_corsairhybrid,lincoln_corsairhybrid,2024,United States,0.47
2024_lincoln_navigator,lincoln_navigator,2024,United States,0.23
2024_mazda_cx50,mazda_cx50,2024,United States,0.5
2024_nissan_altima,nissan_altima,2024,United States,0.5
2024_nissan_frontier,nissan_frontier,2024,United States,0.4
2024_nissan_leafev,nissan_leafev,2024,United States,0.3
2024_nissan_murano,nissan_murano,2024,United States,0.55
2024_nissan_pathfinder,nissan_pathfinder,2024,United States,0.5
2024_nissan_rogue,nissan_rogue,2024,United States,0.25
2024_nissan_titan,nissan_titan,2024,United States,0.45
2024_subaru_ascent,subaru_ascent,2024,United States,0.5
2024_subaru_legacy,subaru_legacy,2024,United States,0.5
2024_subaru_outback,subaru_outback,2024,United States,0.5
2024_tesla_cybertruckev,tesla_cybertruckev,2024,United States,0.65
2024_tesla_model3ev,tesla_model3ev,2024,United States,0.375
2024_tesla_modelsev,tesla_modelsev,2024,United States,0.65
2024_tesla_modelxev,tesla_modelxev,2024,United States,0.6
2024_tesla_modelyev,tesla_modelyev,2024,United States,0.6999999999999998
2024_toyota_camry,toyota_camry,2024,United States,0.7
2024_toyota_camryhybrid,toyota_camryhybrid,2024,United States,0.5
2024_toyota_corollacross,toyota_corollacross,2024,United States,0.6
2024_toyota_corollacrosshybrid,toyota_corollacrosshybrid,2024,United States,0.45
2024_toyota_grandhighlander,toyota_grandhighlander,2024,United States,0.6
2024_toyota_grandhighlanderhybrid,toyota_grandhighlanderhybrid,2024,United States,0.5
2024_toyota_highlander,toyota_highlander,2024,United States,0.65
2024_toyota_highlanderhybrid,toyota_highlanderhybrid,2024,United States,0.55
2024_toyota_sequoiahybrid,toyota_sequoiahybrid,2024,United States,0.5
2024_toyota_siennahybrid,toyota_siennahybrid,2024,United States,0.6
2024_toyota_tundra,toyota_tundra,2024,United States,0.55
2024_toyota_tundrahybrid,toyota_tundrahybrid,2024,United States,0.5
2024_volkswagen_atlas,volkswagen_atlas,2024,United States,0.495
2024_volkswagen_atlascrosssport,volkswagen_atlascrosssport,2024,United States,0.49
2024_volkswagen_id4ev,volkswagen_id4ev,2024,United States,0.71
2024_volvo_s60,volvo_s60,2024,United States,0.3
2024_volvo_s60hybrid,volvo_s60hybrid,2024,United States,0.2
